INVENTARIO;NOMBRE;MARCA;MODELO;SERIE;CLASIFICACION DE RIESGO;N° REGISTRO INVIMA;SEDE;Bloque;Piso;Sector;Alias Servicio;PROPIETARIO;PROVEEDOR;FECHA INGRESO;CONDICION DE INGRESO;RESPONSABLE DEL MTTO;PROVEEDOR DE MANTENIMIENTO
1026287;TORNIQUETE;STRYKER;SMARTPUMP;1826314143;CLASE IIA;2014DM-0011653;Medellín;B3;P5;;CIRUGÍA;IPS;STRYKER;18/12/208;ADQUISICION;ING. IPS;STRYKER
1026288;TORNIQUETE;STRYKER;SMARTPUMP;1824216943;CLASE IIA;2014DM-0011653;Medellín;B3;P5;;CIRUGÍA;IPS;STRYKER;18/12/208;ADQUISICION;ING. IPS;STRYKER
COMODATO;DISPOSITIVO DE PRESION NEGATIVA;DEROYAL;PRO III;1823127;CLASE IIA;2015DM-0013168;Medellín;B3;P5;;CIRUGÍA;CARDIOMED;CARDIOMED;07/062018;COMODATO;ING. IPS;CARDIOMED
COMODATO;DISPOSITIVO DE PRESION NEGATIVA;DEROYAL;PRO III;1823134;CLASE IIA;2015DM-0013168;Medellín;B3;P5;;CIRUGÍA;CARDIOMED;CARDIOMED;07/062018;COMODATO;ING. IPS;CARDIOMED
COMODATO;DISPOSITIVO DE PRESION NEGATIVA;DEROYAL;PRO III;40017658;CLASE IIA;2015DM-0013168;Medellín;B3;P5;;CIRUGÍA;CARDIOMED;CARDIOMED;07/062018;COMODATO;ING. IPS;CARDIOMED
NT;MESA DE CIRUGÍA;MAQUET;ALPHASTAR 1132.21B0;946;CLASE I;2014DM-0012045;Medellín;B3;P5;;CIRUGÍA;AMAREY NOVAMEDICAL;MAQUET;27/07/2105;COMODATO;ING. IPS;MAQUET
COMODATO;MESA DE CIRUGÍA;MINDRAY;HYBASE 6100;G9-7B006149;CLASE I;2015DM-0012529;Medellín;B3;P5;;CIRUGÍA;SUPLEMEDICOS;COORMURCARCOL;43564;COMODATO;ING. IPS;COOMULCARCOL/SUPLEMDICOS
COMODATO;GLUCOMETRO;ABBOTT;OPTIUM NEO H;LBGY300S01002;CLASE IIA;2013DM-0010859;Medellín;B3;P5;;CIRUGÍA;ABBOTT;ABBOTT;43556;COMODATO;ING. IPS;ABBOTT
NT;BOMBA DE INFUSION;HOSPIRA;PLUM A+;21401461;CLASE IIB;2019EBC-0001789-R1;Medellín;B3;P5;;CIRUGÍA;ICUMEDICAL;HOSPIRA;43535;COMODATO;ING. IPS;ICU MEDICAL
NT;BOMBA DE INFUSION;HOSPIRA;PLUM A+;21401519;CLASE IIB;2019EBC-0001789-R1;Medellín;B3;P5;;CIRUGÍA;ICUMEDICAL;HOSPIRA;43535;COMODATO;ING. IPS;ICU MEDICAL
NT;BOMBA DE INFUSION;HOSPIRA;PLUM A+;21401229;CLASE IIB;2019EBC-0001789-R1;Medellín;B3;P5;;CIRUGÍA;ICUMEDICAL;HOSPIRA;43535;COMODATO;ING. IPS;ICU MEDICAL
NT;BOMBA DE INFUSION;HOSPIRA;PLUM A+;21401506;CLASE IIB;2019EBC-0001789-R1;Medellín;B3;P5;;CIRUGÍA;ICUMEDICAL;HOSPIRA;43535;COMODATO;ING. IPS;ICU MEDICAL
NT;BOMBA DE INFUSION;HOSPIRA;PLUM A+;21401241;CLASE IIB;2019EBC-0001789-R1;Medellín;B3;P5;;CIRUGÍA;ICUMEDICAL;HOSPIRA;43535;COMODATO;ING. IPS;ICU MEDICAL
NT;BOMBA DE INFUSION;HOSPIRA;PLUM A+;21401502;CLASE IIB;2019EBC-0001789-R1;Medellín;B3;P5;;CIRUGÍA;ICUMEDICAL;HOSPIRA;43535;COMODATO;ING. IPS;ICU MEDICAL
NT;BOMBA DE INFUSION;HOSPIRA;PLUM A+;21401396;CLASE IIB;2019EBC-0001789-R1;Medellín;B3;P5;;CIRUGÍA;ICUMEDICAL;HOSPIRA;43535;COMODATO;ING. IPS;ICU MEDICAL
NT;BOMBA DE INFUSION;HOSPIRA;PLUM A+;21401504;CLASE IIB;2019EBC-0001789-R1;Medellín;B3;P5;;CIRUGÍA;ICUMEDICAL;HOSPIRA;43535;COMODATO;ING. IPS;ICU MEDICAL
NT;BOMBA DE INFUSION;HOSPIRA;PLUM A+;21401518;CLASE IIB;2019EBC-0001789-R1;Medellín;B3;P5;;CIRUGÍA;ICUMEDICAL;HOSPIRA;43535;COMODATO;ING. IPS;ICU MEDICAL
NT;BOMBA DE INFUSION;HOSPIRA;PLUM A+;21401497;CLASE IIB;2019EBC-0001789-R1;Medellín;B3;P5;;CIRUGÍA;ICUMEDICAL;HOSPIRA;43535;COMODATO;ING. IPS;ICU MEDICAL
NT;BOMBA DE INFUSION;HOSPIRA;PLUM A+;21401514;CLASE IIB;2019EBC-0001789-R1;Medellín;B3;P5;;CIRUGÍA;ICUMEDICAL;HOSPIRA;43535;COMODATO;ING. IPS;ICU MEDICAL
NT;BOMBA DE INFUSION;HOSPIRA;PLUM A+;21401414;CLASE IIB;2019EBC-0001789-R1;Medellín;B3;P5;;CIRUGÍA;ICUMEDICAL;HOSPIRA;43535;COMODATO;ING. IPS;ICU MEDICAL
NT;BOMBA DE INFUSION;HOSPIRA;PLUM A+;21401468;CLASE IIB;2019EBC-0001789-R1;Medellín;B3;P5;;CIRUGÍA;ICUMEDICAL;HOSPIRA;43535;COMODATO;ING. IPS;ICU MEDICAL
NT;BOMBA DE INFUSION;HOSPIRA;PLUM A+;21401466;CLASE IIB;2019EBC-0001789-R1;Medellín;B3;P5;;CIRUGÍA;ICUMEDICAL;HOSPIRA;43535;COMODATO;ING. IPS;ICU MEDICAL
NT;BOMBA DE INFUSION;HOSPIRA;PLUM A+;21401410;CLASE IIB;2019EBC-0001789-R1;Medellín;B3;P5;;CIRUGÍA;ICUMEDICAL;HOSPIRA;43535;COMODATO;ING. IPS;ICU MEDICAL
NT;REGULADOR DE NITROGENO;NT;NT;LJH0802-0006;CLASE I;INGRESO ANTES DE ACTA N° 07 JUNIO 2009;Medellín;B3;P5;;CIRUGÍA;IPS;NT;43529;ADQUISICION;ING. IPS;TECNICO 1
NT;ECOGRAFO;TOSHIBA;NEMIO XG;A3D0836776;CLASE IIA;2008DM-0002313;Medellín;B3;P5;;CIRUGÍA;BIOSUMINISTROS HOSPITALARIOS;BIOSUMINISTROS HOSPITALARIOS;43335;ALQUILER;ING. IPS;BIOSUMINISTROS
COMODATO;BOMBA DE INFUSION;QCORE MEDICAL;SAPPHIRE EPIDURAL;30019-3344;CLASE IIB;2014EBC-0011258;Medellín;B3;P5;;CIRUGÍA;ICUMEDICAL;HOSPIRA;43328;COMODATO;ING. IPS;ICU MEDICAL
COMODATO;BOMBA DE INFUSION;QCORE MEDICAL;SAPPHIRE EPIDURAL;30016-9428;CLASE IIB;2014EBC-0011258;Medellín;B3;P5;;CIRUGÍA;ICUMEDICAL;HOSPIRA;43328;COMODATO;ING. IPS;ICU MEDICAL
COMODATO;BOMBA DE INFUSION;QCORE MEDICAL;SAPPHIRE EPIDURAL;30013-5495;CLASE IIB;2014EBC-0011258;Medellín;B3;P5;;CIRUGÍA;ICUMEDICAL;HOSPIRA;43328;COMODATO;ING. IPS;ICU MEDICAL
COMODATO;BOMBA DE INFUSION;QCORE MEDICAL;SAPPHIRE EPIDURAL;30017-2210;CLASE IIB;2014EBC-0011258;Medellín;B3;P5;;CIRUGÍA;ICUMEDICAL;HOSPIRA;43328;COMODATO;ING. IPS;ICU MEDICAL
COMODATO;BOMBA DE INFUSION;QCORE MEDICAL;SAPPHIRE MULTITERAPIA;30017-7436;CLASE IIB;2014EBC-0011258;Medellín;B3;P5;;CIRUGÍA;ICUMEDICAL;HOSPIRA;43328;COMODATO;ING. IPS;ICU MEDICAL
COMODATO;BOMBA DE INFUSION;QCORE MEDICAL;SAPPHIRE MULTITERAPIA;30017-8395;CLASE IIB;2014EBC-0011258;Medellín;B3;P5;;CIRUGÍA;ICUMEDICAL;HOSPIRA;43328;COMODATO;ING. IPS;ICU MEDICAL
COMODATO;BOMBA DE INFUSION;QCORE MEDICAL;SAPPHIRE MULTITERAPIA;30017-7408;CLASE IIB;2014EBC-0011258;Medellín;B3;P5;;CIRUGÍA;ICUMEDICAL;HOSPIRA;43328;COMODATO;ING. IPS;ICU MEDICAL
COMODATO;BOMBA DE INFUSION;QCORE MEDICAL;SAPPHIRE MULTITERAPIA;30017-7449;CLASE IIB;2014EBC-0011258;Medellín;B3;P5;;CIRUGÍA;ICUMEDICAL;HOSPIRA;43328;COMODATO;ING. IPS;ICU MEDICAL
1025971;TENSIOMETRO;WELCH ALLYN;DS44-11CB;1.80227E+11;CLASE I;2018DM-0018127;Alterna;BA;P1;;CIRUGÍA;IPS;MERCASALUD SUR;43286;ADQUISICION;ING. IPS;TECNOLOGO 6
NT;SENSOR DE TEMPERATURA;IFORWARE;NT;NT;CLASE I;ACTA Nº 7 10.06.2009 NR REGISTRO INVIMA;Medellín;B3;P5;;CIRUGÍA;IPS;IFORWARE;43259;ADQUISICION;ING. IPS;TECNOLOGO 4
NT;CRANEOTOMO;MEDTRONIC;IPC;"PIEZA DE MANO: 16L6171 
CONSOLA: NTC62040";CLASE IIA;2009DM-0004606;Medellín;B3;P5;;CIRUGÍA;IPS;MEDIREX;43257;COMODATO;ING. IPS;MEDIREX
1025764;ELECTROBISTURI;COVIDIEN;FORCE FX;S6F22301AX;CLASE IIB;2008EBC-0001750;Medellín;B3;P5;;CIRUGÍA;IPS;COVIDIEN;43248;ADQUISICION;ING. IPS;COVIDIEN
NT;FUENTE DE LUZ;STRYKER;L9000;14D020724;CLASE IIA;2009DM-0003198;Medellín;B3;P5;;CIRUGÍA;NOVATECNICA;NOVATECNICA;43245;PRESTAMO;ING. IPS;NOVATECNICA SAS
1025714;FOTOFORO;WELCH ALLYN;46070R;16390322;CLASE I;2013DM-0009826;Medellín;B3;P5;;CIRUGÍA;IPS;MERCASALUD SUR;43241;ADQUISICION;ING. IPS;TECNOLOGO 4
1025715;FOTOFORO;WELCH ALLYN;46070R;18030190;CLASE I;2013DM-0009826;Medellín;B3;P5;;CIRUGÍA;IPS;MERCASALUD SUR;43241;ADQUISICION;ING. IPS;TECNOLOGO 4
1025716;FOTOFORO;WELCH ALLYN;46070R;16390326;CLASE I;2013DM-0009826;Medellín;BA;P1;;CIRUGÍA;IPS;MERCASALUD SUR;43241;ADQUISICION;ING. IPS;TECNOLOGO 4
1025582;LITOTRIPTOR;KARL STORZ;CALCUSPLIT;NR4264;CLASE IIB;2015DM-0013606;Medellín;B3;P5;;CIRUGÍA;IPS;BIOTRONITECH;43223;ADQUISICION;ING. IPS;BIOTRONITECH
1025583;VIDEOENDOSCOPIO FLEXIBLE;KARL STORZ;11301BNX;44497;CLASE IIA;2011DM-0008310;Medellín;B3;P5;;CIRUGÍA;IPS;BIOTRONITECH;43223;ADQUISICION;ING. IPS;BIOTRONITECH
COMODATO;BOMBA DE INFUSION;QCORE MEDICAL;SAPPHIRE EPIDURAL;30012-7860;CLASE IIB;2014EBC-0011258;Medellín;B3;P5;;CIRUGÍA;ICUMEDICAL;HOSPIRA;43200;COMODATO;ING. IPS;ICU MEDICAL
COMODATO;BOMBA DE INFUSION;QCORE MEDICAL;SAPPHIRE EPIDURAL;30013-8783;CLASE IIB;2014EBC-0011258;Medellín;B3;P5;;CIRUGÍA;ICUMEDICAL;HOSPIRA;43200;COMODATO;ING. IPS;ICU MEDICAL
COMODATO;BOMBA DE INFUSION;QCORE MEDICAL;SAPPHIRE EPIDURAL;30012-4976;CLASE IIB;2014EBC-0011258;Medellín;B3;P5;;CIRUGÍA;ICUMEDICAL;HOSPIRA;43200;COMODATO;ING. IPS;ICU MEDICAL
COMODATO;BOMBA DE INFUSION;QCORE MEDICAL;SAPPHIRE EPIDURAL;30012-2038;CLASE IIB;2014EBC-0011258;Medellín;B3;P5;;CIRUGÍA;ICUMEDICAL;HOSPIRA;43200;COMODATO;ING. IPS;ICU MEDICAL
NT;"SISTEMA DE CALENTAMIENTO DE
LÍQUIDOS INTRAVENOSOS";CAREFUSION;ENFLOW (980105VS);"CALENTADOR: 70782429
CONTROLADOR: 70690247";CLASE IIB;2017EBC-0016468;Medellín;B3;P5;;CIRUGÍA;RP MEDICAS;RP MEDICAS;43199;COMODATO;ING. IPS;RP MEDICAS
NT;"SISTEMA DE CALENTAMIENTO DE
LÍQUIDOS INTRAVENOSOS";CAREFUSION;ENFLOW (980105VS);"CALENTADOR: 70782369
CONTROLADOR: 70690238";CLASE IIB;2017EBC-0016468;Medellín;B3;P5;;CIRUGÍA;RP MEDICAS;RP MEDICAS;43199;COMODATO;ING. IPS;RP MEDICAS
NT;"SISTEMA DE CALENTAMIENTO DE
LÍQUIDOS INTRAVENOSOS";CAREFUSION;ENFLOW (980105VS);"CALENTADOR: 70782315
CONTROLADOR: 70690233";CLASE IIB;2017EBC-0016468;Medellín;B3;P5;;CIRUGÍA;RP MEDICAS;RP MEDICAS;43199;COMODATO;ING. IPS;RP MEDICAS
NT;"SISTEMA DE CALENTAMIENTO DE
LÍQUIDOS INTRAVENOSOS";CAREFUSION;ENFLOW (980105VS);"CALENTADOR: 70782117
CONTROLADOR: 70690324";CLASE IIB;2017EBC-0016468;Medellín;B3;P5;;CIRUGÍA;RP MEDICAS;RP MEDICAS;43199;COMODATO;ING. IPS;RP MEDICAS
1025395;MESA DE CIRUGÍA;MINDRAY;HYBASE 6100;G9-65005135;CLASE I;2015DM-0012529;Alterna;BA;P1;;CIRUGÍA;IPS;COOMULCARCOL-DISCLINICA;43186;ADQUISICION;ING. IPS;COOMULCARCOL
1025396;MONITOR DE SIGNOS VITALES;MINDRAY;IMEC 8;EW-35003808;CLASE IIB;2009EBC-0003486;Medellín;B3;P5;;CIRUGÍA;IPS;COOMULCARCOL-DISCLINICA;43186;ADQUISICION;ING. IPS;TECNOLOGO 4
1025346;MONITOR PARA ENDOSCOPIOS CMOS;KARL STORZ;C-MAC 8403ZX;YS13900;CLASE IIB;2009DM-0003624;Medellín;B3;P5;;CIRUGÍA;IPS;BIOTRONITECH;43182;ADQUISICION;ING. IPS;TECNOLOGO 4
1025348;CISTOURETEROFIBROSCOPIO;KARL STORZ;11272CU1;2237460;CLASE IIB;2009DM-0003624;Medellín;B3;P5;;CIRUGÍA;IPS;BIOTRONITECH;43182;ADQUISICION;ING. IPS;BIOTRONITECH
1025349;URETEROFIBROSCOPIO FLEXIBLE;KARL STORZ;FLEX X2S-11278AU1;2240396;CLASE IIA;2009DM-0003624;Medellín;B3;P5;;CIRUGÍA;IPS;BIOTRONITECH;43182;ADQUISICION;ING. IPS;BIOTRONITECH
1025339;MAQUINA DE ANESTESIA;MINDRAY;WATO EX-65;KT-69000199;CLASE IIB;2009EBC-0003730;Alterna;BA;P1;;CIRUGÍA;IPS;IMPORTMEDICAL;43174;ADQUISICION;ING. IPS;TECNOLOGO 6
1025338;MAQUINA DE ANESTESIA;MINDRAY;WATO EX-65;KT-7A001043;CLASE IIB;2009EBC-0003730;Medellín;B3;P5;;CIRUGÍA;IPS;IMPORTMEDICAL;43174;ADQUISICION;ING. IPS;TECNOLOGO 4
NT;NEUMOTAPONADOR;VBM;54-07-000;1716547;CLASE IIB;2008DM-0002098;Medellín;B3;P5;;CIRUGÍA;IPS;COOMULCARCOL;43145;ADQUISICION;ING. IPS;TECNOLOGO 4
COMODATO;DESFIBRILADOR;MINDRAY;BENEHEART D3;EL-58021689;CLASE IIB;2010EBC-0005463;Medellín;B3;P5;;CIRUGÍA;SYNTHES;MINDRAY;43102;COMODATO;ING. IPS;SYNTHES (JOHNSON & JOHNSON)/EMCO S.A
NT;TERMOHIGROMETRO;BRIXCO;L107;NT;CLASE I;ACTA No 3 (ABRIL 10 DE 2013) NR REGISTRO INVIMA;Medellín;B3;P5;;CIRUGÍA;IPS;MERCASALUD SUR;43068;ADQUISICION;ING. IPS;TECNOLOGO 4
NT;TERMOHIGROMETRO;BRIXCO;L107;NT;CLASE I;ACTA No 3 (ABRIL 10 DE 2013) NR REGISTRO INVIMA;Medellín;B3;P5;;CIRUGÍA;IPS;MERCASALUD SUR;43068;ADQUISICION;ING. IPS;TECNOLOGO 2
1024208;ECOGRAFO;MINDRAY;Z6;CAN-73000188;CLASE IIA;2013DM-0009612;Medellín;B3;P5;;CIRUGÍA;IPS;PROMEDCO;43063;ADQUISICION;ING. IPS;DISTRISERVICES X-RAY
NT;MESA DE CIRUGÍA;MAQUET;MEERA;682;CLASE I;2016DM-0015120;Medellín;B3;P5;;CIRUGÍA;IMPLANTECH;MAQUET;24/10/2017;COMODATO;ING. IPS;IMPLANTECH/MAQUET
NT;MESA DE CIRUGÍA;MAQUET;MEERA;684;CLASE I;2016DM-0015120;Medellín;B3;P5;;CIRUGÍA;IMPLANTECH;MAQUET;24/10/2017;COMODATO;ING. IPS;IMPLANTECH/MAQUET
NT;GLUCOMETRO;ABBOTT;OPTIUM NEO H;LBGW319S02527;CLASE IIA;2013DM-0010859;Medellín;B3;P5;;CIRUGÍA;ABBOTT;ABBOTT;43026;COMODATO;ING. IPS;ABBOTT
1025303;MAQUINA DE ANESTESIA;MINDRAY;WATO EX-65;KT-7A001041;CLASE IIB;2009EBC-0003730;Medellín;B3;P5;;CIRUGÍA;IPS;IMPORTMEDICAL;43009;ADQUISICION;ING. IPS;TECNOLOGO 4
NT;FONENDOSCOPIO ADULTO;WELCH ALLYN;901039;NT;CLASE I;2007DM-0001322;Medellín;B3;P5;;CIRUGÍA;IPS;MERCASALUD SUR;42996;ADQUISICION;ING. IPS;TECNOLOGO 4
NT;FONENDOSCOPIO ADULTO;WELCH ALLYN;901039;NT;CLASE I;2007DM-0001322;Medellín;B3;P5;;CIRUGÍA;IPS;MERCASALUD SUR;42996;ADQUISICION;ING. IPS;TECNOLOGO 4
NT;FONENDOSCOPIO ADULTO;WELCH ALLYN;901039;NT;CLASE I;2007DM-0001322;Medellín;B3;P5;;CIRUGÍA;IPS;MERCASALUD SUR;42996;ADQUISICION;ING. IPS;TECNOLOGO 4
NT;FONENDOSCOPIO ADULTO;WELCH ALLYN;901039;NT;CLASE I;2007DM-0001322;Medellín;B3;P5;;CIRUGÍA;IPS;MERCASALUD SUR;42996;ADQUISICION;ING. IPS;TECNOLOGO 4
NT;FONENDOSCOPIO ADULTO;WELCH ALLYN;901039;NT;CLASE I;2007DM-0001322;Medellín;B3;P5;;CIRUGÍA;IPS;MERCASALUD SUR;42996;ADQUISICION;ING. IPS;TECNOLOGO 4
NT;FONENDOSCOPIO ADULTO;WELCH ALLYN;901039;NT;CLASE I;2007DM-0001322;Medellín;B3;P5;;CIRUGÍA;IPS;MERCASALUD SUR;42996;ADQUISICION;ING. IPS;TECNOLOGO 4
NT;FONENDOSCOPIO ADULTO;WELCH ALLYN;901039;NT;CLASE I;2007DM-0001322;Medellín;B3;P5;;CIRUGÍA;IPS;MERCASALUD SUR;42996;ADQUISICION;ING. IPS;TECNOLOGO 4
NT;FONENDOSCOPIO ADULTO;WELCH ALLYN;901039;NT;CLASE I;2007DM-0001322;Medellín;B3;P5;;CIRUGÍA;IPS;MERCASALUD SUR;42996;ADQUISICION;ING. IPS;TECNOLOGO 4
NT;FONENDOSCOPIO ADULTO;WELCH ALLYN;901039;NT;CLASE I;2007DM-0001322;Medellín;B3;P5;;CIRUGÍA;IPS;MERCASALUD SUR;42996;ADQUISICION;ING. IPS;TECNOLOGO 4
NT;FONENDOSCOPIO ADULTO;WELCH ALLYN;901039;NT;CLASE I;2007DM-0001322;Medellín;B3;P5;;CIRUGÍA;IPS;MERCASALUD SUR;42996;ADQUISICION;ING. IPS;TECNOLOGO 4
NT;MESA DE CIRUGÍA;MAQUET;ALPHACLASSIC PRO;11971;CLASE I;2014DM-0012045;Medellín;B3;P5;;CIRUGÍA;IMPLANTECH;MAQUET;42992;PRESTAMO;ING. IPS;IMPLANTECH/MAQUET
COMODATO;MAQUINA DE ANESTESIA;MINDRAY;WATO EX-65;KT-74000686;CLASE IIB;2009EBC-0003730;Medellín;B3;P5;;CIRUGÍA;JOHNSON & JOHNSON;EMCO;42989;COMODATO;ING. IPS;JOHNSON & JOHNSON/EMCO S.A
NT;"VIDEOPROCESADOR-
MONITOR-FUENTE DE LUZ";FUJINON;"EPX-2500-
CDL1909A";"1V456A142 (PROCESADOR)
1V489A620 (MONITOR)";CLASE IIA;2009DM-0003331;Medellín;B3;P5;;CIRUGÍA;DR. JOAQUIN VALENCIA;JOMEDICAL;42989;APOYO TECNOLOGICO;DR. JOAQUIN VALENCIA (ENDOSCOPIAS-PRADO);INGEYCA
NT;VIDEOGASTROSCOPIO;FUJINON;EG-530FP;3G314A144;CLASE IIA;2009DM-0003331;Medellín;B3;P5;;CIRUGÍA;DR. JOAQUIN VALENCIA;JOMEDICAL;42989;APOYO TECNOLOGICO;DR. JOAQUIN VALENCIA (ENDOSCOPIAS-PRADO);INGEYCA
NT;VIDEODUODENOSCOPIO;FUJINON;ED-530XT;5D102A043;CLASE IIA;2008DM-0002668;Medellín;B3;P5;;CIRUGÍA;DR. JOAQUIN VALENCIA;JOMEDICAL;42989;APOYO TECNOLOGICO;DR. JOAQUIN VALENCIA (ENDOSCOPIAS-PRADO);INGEYCA
COMODATO;MAQUINA DE ANESTESIA;MINDRAY;WATO EX-65;KT-74000687;CLASE IIB;2009EBC-0003730;Medellín;B3;P5;;CIRUGÍA;JOHNSON & JOHNSON;EMCO;42970;COMODATO;ING. IPS;JOHNSON & JOHNSON/EMCO S.A
COMODATO;MESA DE CIRUGÍA;MINDRAY;HYBASE 6100;G9-64005084;CLASE I;2015DM-0012529;Medellín;B3;P5;;CIRUGÍA;JOHNSON & JOHNSON;EMCO;42962;COMODATO;ING. IPS;JOHNSON & JOHNSON/EMCO S.A
1024658;GENERADOR BIPOLAR;KARL STORZ;AUTOCON III 400;40100544;CLASE IIB;2009EBC-0003995;Medellín;B3;P5;;CIRUGÍA;IPS;BIOTRONITECH;2/08/2017;ADQUISICION;ING. IPS;BIOTRONITECH
NT;GLUCOMETRO;ABBOTT;OPTIUM NEO H;LBGW187S01035;CLASE IIA;2013DM-0010859;Medellín;B3;P5;;CIRUGÍA;ABBOTT;ABBOTT;9/06/2017;COMODATO;ING. IPS;ABBOTT
NT;FLUJOMETRO;GENTEC;FM197B-15L-CH;NT;CLASE IIA;2013DM-0010627;Alterna;BA;P1;;CIRUGÍA;IPS;EQUISONES;31/03/2017;ADQUISICION;ING. IPS;TECNOLOGO 6
1024386;TERMOHIGROMETRO;EXTECH;445815;NT;CLASE I;ACTA No 3 (ABRIL 10 DE 2013) NR REGISTRO INVIMA;Medellín;B3;P5;;CIRUGÍA;IPS;AT MEDICAS;42816;ADQUISICION;ING. IPS;TECNOLOGO 4
102490;FOTOFORO;WELCH ALLYN;49020;16240010;CLASE I;2013DM-0009826;Alterna;BA;P1;;CIRUGÍA;IPS;AT MEDICAS;10/03/2017;ADQUISICION;ING. IPS;TECNOLOGO 6
NT;ECOGRAFO;SONOSCAPE;S6;1704884;CLASE IIA;2009DM-0003413;Medellín;B3;P5;;CIRUGÍA;PRODIAGNOSTICO;SKEMA MEDICAL;18/01/2017;APOYO TECNOLOGICO;PRODIAGNOSTICO;PRODIAGNOSTICO
NT;LAMPARA CIELITICA;BERCHTOLD;F628-F528;"7900180-X11411
7800180-X12364";CLASE I;2014DM-0011462;Medellín;B3;P5;;CIRUGÍA;IPS;STRYKER;15/11/2016;COMODATO;ING. IPS;TECNOLOGO 4
NT;LAMPARA CIELITICA;BERCHTOLD;F628-F528;"7900180-X11407
7800180-X12360";CLASE I;2014DM-0011462;Medellín;B3;P5;;CIRUGÍA;IPS;STRYKER;15/11/2016;COMODATO;ING. IPS;TECNOLOGO 4
NT;LAMPARA CIELITICA;BERCHTOLD;F628-F528;"7900180-X11408
7800180-X12361";CLASE I;2014DM-0011462;Medellín;B3;P5;;CIRUGÍA;IPS;STRYKER;15/11/2016;COMODATO;ING. IPS;TECNOLOGO 4
NT;LAMPARA CIELITICA;BERCHTOLD;F628-F528;"7900180-X11410
7800180-X12363";CLASE I;2014DM-0011462;Medellín;B3;P5;;CIRUGÍA;IPS;STRYKER;15/11/2016;COMODATO;ING. IPS;TECNOLOGO 4
NT;LAMPARA CIELITICA;BERCHTOLD;F628-F528;"7900180-X11409
7800180-X12362";CLASE I;2014DM-0011462;Medellín;B3;P5;;CIRUGÍA;IPS;STRYKER;15/11/2016;COMODATO;ING. IPS;TECNOLOGO 4
NT;LAMPARA CIELITICA;BERCHTOLD;F628-F528;"7900180-X11406
7800180-X12359";CLASE I;2014DM-0011462;Medellín;B3;P5;;CIRUGÍA;IPS;STRYKER;15/11/2016;COMODATO;ING. IPS;TECNOLOGO 4
NT;BOMBA DE INFUSION;HOSPIRA;PLUM A+;17954909;CLASE IIB;2019EBC-0001789-R1;Medellín;B3;P5;;CIRUGÍA;ICUMEDICAL;HOSPIRA;21/10/2016;COMODATO;ING. IPS;ICU MEDICAL
NT;BOMBA DE INFUSION;HOSPIRA;PLUM A+;17951587;CLASE IIB;2019EBC-0001789-R1;Alterna;BA;P1;;CIRUGÍA;ICUMEDICAL;HOSPIRA;21/10/2016;COMODATO;ING. IPS;ICU MEDICAL
NT;BOMBA DE INFUSION;HOSPIRA;PLUM A+;17952597;CLASE IIB;2019EBC-0001789-R1;Alterna;BA;P1;;CIRUGÍA;ICUMEDICAL;HOSPIRA;21/10/2016;COMODATO;ING. IPS;ICU MEDICAL
NT;BOMBA DE INFUSION;HOSPIRA;PLUM A+;17952509;CLASE IIB;2019EBC-0001789-R1;Alterna;BA;P1;;CIRUGÍA;ICUMEDICAL;HOSPIRA;21/10/2016;COMODATO;ING. IPS;ICU MEDICAL
NT;BOMBA DE INFUSION;HOSPIRA;PLUM A+;17955265;CLASE IIB;2019EBC-0001789-R1;Medellín;B3;P5;;CIRUGÍA;ICUMEDICAL;HOSPIRA;21/10/2016;COMODATO;ING. IPS;ICU MEDICAL
NT;BOMBA DE INFUSION;HOSPIRA;PLUM A+;17955283;CLASE IIB;2019EBC-0001789-R1;Medellín;B3;P5;;CIRUGÍA;ICUMEDICAL;HOSPIRA;21/10/2016;COMODATO;ING. IPS;ICU MEDICAL
NT;BOMBA DE INFUSION;HOSPIRA;PLUM A+;17955266;CLASE IIB;2019EBC-0001789-R1;Medellín;B3;P5;;CIRUGÍA;ICUMEDICAL;HOSPIRA;21/10/2016;COMODATO;ING. IPS;ICU MEDICAL
NT;BOMBA DE INFUSION;HOSPIRA;PLUM A+;17954966;CLASE IIB;2019EBC-0001789-R1;Medellín;B3;P5;;CIRUGÍA;ICUMEDICAL;HOSPIRA;21/10/2016;COMODATO;ING. IPS;ICU MEDICAL
NT;BOMBA DE INFUSION;HOSPIRA;PLUM A+;17955435;CLASE IIB;2019EBC-0001789-R1;Medellín;B3;P5;;CIRUGÍA;ICUMEDICAL;HOSPIRA;21/10/2016;COMODATO;ING. IPS;ICU MEDICAL
NT;BOMBA DE INFUSION;HOSPIRA;PLUM A+;17954689;CLASE IIB;2019EBC-0001789-R1;Medellín;B3;P5;;CIRUGÍA;ICUMEDICAL;HOSPIRA;21/10/2016;COMODATO;ING. IPS;ICU MEDICAL
NT;BOMBA DE INFUSION;HOSPIRA;PLUM A+;17955343;CLASE IIB;2019EBC-0001789-R1;Medellín;B3;P5;;CIRUGÍA;ICUMEDICAL;HOSPIRA;21/10/2016;COMODATO;ING. IPS;ICU MEDICAL
NT;BOMBA DE INFUSION;HOSPIRA;PLUM A+;17954318;CLASE IIB;2019EBC-0001789-R1;Medellín;B3;P5;;CIRUGÍA;ICUMEDICAL;HOSPIRA;21/10/2016;COMODATO;ING. IPS;ICU MEDICAL
NT;BOMBA DE INFUSION;HOSPIRA;PLUM A+;17952991;CLASE IIB;2019EBC-0001789-R1;Medellín;B3;P5;;CIRUGÍA;ICUMEDICAL;HOSPIRA;21/10/2016;COMODATO;ING. IPS;ICU MEDICAL
NT;BOMBA DE INFUSION;HOSPIRA;PLUM A+;17952825;CLASE IIB;2019EBC-0001789-R1;Medellín;B3;P5;;CIRUGÍA;ICUMEDICAL;HOSPIRA;21/10/2016;COMODATO;ING. IPS;ICU MEDICAL
NT;BOMBA DE INFUSION;HOSPIRA;PLUM A+;17955325;CLASE IIB;2019EBC-0001789-R1;Medellín;B3;P5;;CIRUGÍA;ICUMEDICAL;HOSPIRA;21/10/2016;COMODATO;ING. IPS;ICU MEDICAL
NT;BOMBA DE INFUSION;HOSPIRA;PLUM A+;17955042;CLASE IIB;2019EBC-0001789-R1;Medellín;B3;P5;;CIRUGÍA;ICUMEDICAL;HOSPIRA;21/10/2016;COMODATO;ING. IPS;ICU MEDICAL
NT;BOMBA DE INFUSION;HOSPIRA;PLUM A+;17954691;CLASE IIB;2019EBC-0001789-R1;Medellín;B3;P5;;CIRUGÍA;ICUMEDICAL;HOSPIRA;21/10/2016;COMODATO;ING. IPS;ICU MEDICAL
NT;BOMBA DE INFUSION;HOSPIRA;PLUM A+;17955360;CLASE IIB;2019EBC-0001789-R1;Medellín;B3;P5;;CIRUGÍA;ICUMEDICAL;HOSPIRA;21/10/2016;COMODATO;ING. IPS;ICU MEDICAL
NT;BOMBA DE INFUSION;HOSPIRA;PLUM A+;17954569;CLASE IIB;2019EBC-0001789-R1;Medellín;B3;P5;;CIRUGÍA;ICUMEDICAL;HOSPIRA;21/10/2016;COMODATO;ING. IPS;ICU MEDICAL
NT;BOMBA DE INFUSION;HOSPIRA;PLUM A+;17955218;CLASE IIB;2019EBC-0001789-R1;Medellín;B3;P5;;CIRUGÍA;ICUMEDICAL;HOSPIRA;21/10/2016;COMODATO;ING. IPS;ICU MEDICAL
NT;BOMBA DE INFUSION;HOSPIRA;PLUM A+;17955191;CLASE IIB;2019EBC-0001789-R1;Medellín;B3;P5;;CIRUGÍA;ICUMEDICAL;HOSPIRA;21/10/2016;COMODATO;ING. IPS;ICU MEDICAL
NT;BOMBA DE INFUSION;HOSPIRA;PLUM A+;17955290;CLASE IIB;2019EBC-0001789-R1;Medellín;B3;P5;;CIRUGÍA;ICUMEDICAL;HOSPIRA;21/10/2016;COMODATO;ING. IPS;ICU MEDICAL
NT;BOMBA DE INFUSION;HOSPIRA;PLUM A+;17955476;CLASE IIB;2019EBC-0001789-R1;Medellín;B3;P5;;CIRUGÍA;ICUMEDICAL;HOSPIRA;21/10/2016;COMODATO;ING. IPS;ICU MEDICAL
NT;BOMBA DE INFUSION;HOSPIRA;PLUM A+;17954886;CLASE IIB;2019EBC-0001789-R1;Medellín;B3;P5;;CIRUGÍA;ICUMEDICAL;HOSPIRA;21/10/2016;COMODATO;ING. IPS;ICU MEDICAL
NT;BOMBA DE INFUSION;HOSPIRA;PLUM A+;17955027;CLASE IIB;2019EBC-0001789-R1;Medellín;B3;P5;;CIRUGÍA;ICUMEDICAL;HOSPIRA;21/10/2016;COMODATO;ING. IPS;ICU MEDICAL
NT;BOMBA DE INFUSION;HOSPIRA;PLUM A+;17955068;CLASE IIB;2019EBC-0001789-R1;Medellín;B3;P5;;CIRUGÍA;ICUMEDICAL;HOSPIRA;21/10/2016;COMODATO;ING. IPS;ICU MEDICAL
NT;TERMOHIGROMETRO;NT;HTC-2;NT;CLASE I;ACTA No 3 (ABRIL 10 DE 2013) NR REGISTRO INVIMA;Medellín;B3;P5;;CIRUGÍA;IPS;NT;1/10/2016;ADQUISICION;ING. IPS;TECNOLOGO 4
NT;SENSOR DE TEMPERATURA;IFORWARE;RHT05;NT;CLASE I;ACTA Nº 7 2009;Alterna;BA;P1;;CIRUGÍA;IPS;IFORWARE;14/09/2016;ADQUISICION;ING. IPS;TECNOLOGO 6
NT;SENSOR DE TEMPERATURA Y HUMEDAD;IFORWARE;RHT05;NT;CLASE I;ACTA Nº 7 2009;Medellín;B3;P5;;CIRUGÍA;IPS;IFORWARE;14/09/2016;ADQUISICION;ING. IPS;TECNOLOGO 4
NT;GLUCOMETRO;ABBOTT;OPTIUM NEO H;LBGW166S02480;CLASE IIA;2013DM-0010859;Medellín;B3;P5;;CIRUGÍA;ABBOTT;ABBOTT;22/08/2016;COMODATO;ING. IPS;ABBOTT
NT;MOTOR DE FRESADO DE OIDO;BIENAIR;ORL-E-921;O2E0099;CLASE IIA;NT;Medellín;B3;P5;;CIRUGÍA;IPS;NT;19/07/2016;ADQUISICION;ING. IPS;TECNOLOGO 4
NT;LARINGOSCOPIO;ADC;4065F;NT;CLASE I;2009DM-0003861;Medellín;B3;P5;;CIRUGÍA;IPS;EQUIBIOMEDIC;22/03/2016;ADQUISICION;ING. IPS;TECNOLOGO 4
NT;LARINGOSCOPIO;ADC;4065F;NT;CLASE I;2009DM-0003861;Medellín;B3;P5;;CIRUGÍA;IPS;EQUIBIOMEDIC;22/03/2016;ADQUISICION;ING. IPS;TECNOLOGO 4
NT;LARINGOSCOPIO;ADC;4066F;NT;CLASE I;2009DM-0003861;Medellín;B3;P5;;CIRUGÍA;IPS;EQUIBIOMEDIC;9/02/2016;ADQUISICION;ING. IPS;TECNOLOGO 4
NT;LARINGOSCOPIO;ADC;4066F;NT;CLASE I;2009DM-0003861;Medellín;B3;P5;;CIRUGÍA;IPS;EQUIBIOMEDIC;9/02/2016;ADQUISICION;ING. IPS;TECNOLOGO 4
NT;LARINGOSCOPIO;ADC;4066F;NT;CLASE I;2009DM-0003861;Medellín;B3;P5;;CIRUGÍA;IPS;EQUIBIOMEDIC;9/02/2016;ADQUISICION;ING. IPS;TECNOLOGO 4
NT;INTENSIFICADOR DE IMÁGENES;SIEMENS;SIREMOBIL COMPACT;33752;CLASE IIA;2008EBC-0002441;Medellín;B3;P5;;CIRUGÍA;SYNTHES;SIEMENS;16/12/2015;COMODATO;ING. IPS;SYNTHES (JOHNSON & JOHNSON)/SIEMENS
NT;MESA DE CIRUGÍA;MINDRAY;HYBASE 6100;G9-57004392;CLASE I;2015DM-0012529;Medellín;B3;P5;;CIRUGÍA;IPS;MINDRAY;3/12/2015;COMODATO;ING. IPS;TECNOLOGO 4
NT;MESA DE CIRUGÍA;MINDRAY;HYBASE 6100;G9-57004389;CLASE I;2015DM-0012529;Medellín;B3;P5;;CIRUGÍA;IPS;MINDRAY;3/12/2015;COMODATO;ING. IPS;TECNOLOGO 4
COMODATO;MAQUINA DE ANESTESIA;MINDRAY;WATO EX-65;ER-57003422;CLASE IIB;2009EBC-0003730;Medellín;B3;P5;;CIRUGÍA;SYNTHES;MINDRAY;3/12/2015;COMODATO;ING. IPS;SYNTHES (JOHNSON & JOHNSON)/EMCO S.A
COMODATO;MAQUINA DE ANESTESIA;MINDRAY;WATO EX-65;ER-57003419;CLASE IIB;2009EBC-0003730;Medellín;B3;P5;;CIRUGÍA;SYNTHES;MINDRAY;3/12/2015;COMODATO;ING. IPS;SYNTHES (JOHNSON & JOHNSON)/EMCO S.A
NT;PANTALLA DE TORRE DE LAPAROSCOPIA;STRYKER;VISION PRO LED;VPD264K0559;NA;NA;Medellín;B3;P5;;CIRUGÍA;SYNTHES;STRYKER;24/11/2015;COMODATO;ING. IPS;SYNTHES (JOHNSON & JOHNSON)/STRYKER
NT;NEUMOINSUFLADOR - TORRE DE LAPAROSCOPIA;STRYKER;PNEUMOSURE;1504CE0712;CLASE IIB;2009DM-0003684;Medellín;B3;P5;;CIRUGÍA;SYNTHES;STRYKER;24/11/2015;COMODATO;ING. IPS;SYNTHES (JOHNSON & JOHNSON)/STRYKER
NT;PROCESADOR DE IMÁGENES DE TORRE DE LAPAROSCOPIA;STRYKER;1488HD;15B024184;CLASE IIB;2013DM-0009883;Medellín;B3;P5;;CIRUGÍA;SYNTHES;STRYKER;24/11/2015;COMODATO;ING. IPS;SYNTHES (JOHNSON & JOHNSON)/STRYKER
NT;PANTALLA DE TORRE DE LAPAROSCOPIA;STRYKER;VISION PRO LED;VPD264K0567;NA;NA;Medellín;B3;P5;;CIRUGÍA;SYNTHES;STRYKER;24/11/2015;COMODATO;ING. IPS;SYNTHES (JOHNSON & JOHNSON)/STRYKER
NT;NEUMOINSUFLADOR - TORRE DE LAPAROSCOPIA;STRYKER;PNEUMOSURE;1504CE0714;CLASE IIB;2009DM-0003684;Medellín;B3;P5;;CIRUGÍA;SYNTHES;STRYKER;24/11/2015;COMODATO;ING. IPS;SYNTHES (JOHNSON & JOHNSON)/STRYKER
NT;PROCESADOR DE IMÁGENES DE TORRE DE LAPAROSCOPIA;STRYKER;1488HD;15B024154;CLASE IIB;2013DM-0009883;Medellín;B3;P5;;CIRUGÍA;SYNTHES;STRYKER;24/11/2015;COMODATO;ING. IPS;SYNTHES (JOHNSON & JOHNSON)/STRYKER
NT;FUENTE DE LUZ;STRYKER;L9000;15B023644;CLASE IIB;2009DM-00031698;Medellín;B3;P5;;CIRUGÍA;SYNTHES;STRYKER;24/11/2015;COMODATO;ING. IPS;STRYKER
NT;MESA DE CIRUGÍA;BERCHTOLD;OPERON D 850;3501110-W10959;CLASE I;2014DM-0011468;Medellín;B3;P5;;CIRUGÍA;IPS;STRYKER;20/11/2015;COMODATO;ING. IPS;TECNOLOGO 4
COMODATO;BOMBA DE INFUSION;QCORE MEDICAL;SAPPHIRE MULTITERAPIA;30019-8638;CLASE IIB;2014EBC-0011258;Medellín;B3;P5;;CIRUGÍA;ICUMEDICAL;HOSPIRA;29/10/2015;COMODATO;ING. IPS;ICU MEDICAL
COMODATO;BOMBA DE INFUSION;QCORE MEDICAL;SAPPHIRE MULTITERAPIA;30018-8917;CLASE IIB;2014EBC-0011258;Medellín;B3;P5;;CIRUGÍA;ICUMEDICAL;HOSPIRA;29/10/2015;COMODATO;ING. IPS;ICU MEDICAL
COMODATO;BOMBA DE INFUSION;QCORE MEDICAL;SAPPHIRE MULTITERAPIA;30019-7703;CLASE IIB;2014EBC-0011258;Medellín;B3;P5;;CIRUGÍA;ICUMEDICAL;HOSPIRA;29/10/2015;COMODATO;ING. IPS;ICU MEDICAL
COMODATO;BOMBA DE INFUSION;QCORE MEDICAL;SAPPHIRE MULTITERAPIA;30019-9150;CLASE IIB;2014EBC-0011258;Medellín;B3;P5;;CIRUGÍA;ICUMEDICAL;HOSPIRA;29/10/2015;COMODATO;ING. IPS;ICU MEDICAL
NT;MESA DE CIRUGÍA;MAQUET;ALPHA STAR 1132.21B0;3283;CLASE I;2014DM-0012045;Medellín;B3;P5;;CIRUGÍA;IMPLANTECH;MAQUET;28/08/2015;COMODATO;ING. IPS;TECNOLOGO 4
NT;MESA DE CIRUGÍA;MAQUET;BETA STAR;5060;CLASE I;2014DM-0012045;Medellín;B3;P5;;CIRUGÍA;IMPLANTECH;MAQUET;28/08/2015;COMODATO;ING. IPS;TECNOLOGO 4
NT;GLUCOMETRO;ABBOTT;OPTIUM NEO H;LBGV134S00667;CLASE IIA;2013DM-0010859;Medellín;B3;P5;;CIRUGÍA;ABBOTT;ABBOTT;11/08/2015;COMODATO;ING. IPS;ABBOTT
NT;PANTALLA DE TORRE DE LAPAROSCOPIA;STRYKER;VISION PRO LED;VPD264J0066;NA;NA;Medellín;B3;P5;;CIRUGÍA;COVIDIEN (MEDTRONIC);STRYKER;16/07/2015;COMODATO;ING. IPS;COVIDIEN
NT;NEUMOINSUFLADOR - TORRE DE LAPAROSCOPIA;STRYKER;PNEUMOSURE;1410CE328;CLASE IIB;2009DM-0003684;Medellín;B3;P5;;CIRUGÍA;COVIDIEN (MEDTRONIC);STRYKER;16/07/2015;COMODATO;ING. IPS;COVIDIEN
NT;PROCESADOR DE IMÁGENES DE TORRE DE LAPAROSCOPIA;STRYKER;1488HD;14D004564;CLASE IIB;2013DM-0009883;Medellín;B3;P5;;CIRUGÍA;COVIDIEN (MEDTRONIC);STRYKER;16/07/2015;COMODATO;ING. IPS;COVIDIEN
NT;FUENTE DE LUZ;STRYKER;L9000;14K006024;CLASE IIA;2009DM-0003198;Medellín;B3;P5;;CIRUGÍA;COVIDIEN (MEDTRONIC);STRYKER;16/07/2015;COMODATO;ING. IPS;COVIDIEN
NT;SISTEMA DE GRABACION DE TORRE DE LAPAROSCOPIA;STRYKER;SD C3;14C001244;NA;NA;Medellín;B3;P5;;CIRUGÍA;COVIDIEN (MEDTRONIC);STRYKER;16/07/2015;COMODATO;ING. IPS;COVIDIEN
NT;PANTALLA DE TORRE DE LAPAROSCOPIA;STRYKER;VISION PRO LED;VPD264J0408;NA;NA;Medellín;B3;P5;;CIRUGÍA;COVIDIEN (MEDTRONIC);STRYKER;16/07/2015;COMODATO;ING. IPS;COVIDIEN
NT;NEUMOINSUFLADOR - TORRE DE LAPAROSCOPIA;STRYKER;PNEUMOSURE;1410CE058;CLASE IIB;2009DM-0003684;Medellín;B3;P5;;CIRUGÍA;COVIDIEN (MEDTRONIC);STRYKER;16/07/2015;COMODATO;ING. IPS;COVIDIEN
NT;PROCESADOR DE IMÁGENES DE TORRE DE LAPAROSCOPIA;STRYKER;1488HD;14J043474;CLASE IIB;2013DM-0009883;Medellín;B3;P5;;CIRUGÍA;COVIDIEN (MEDTRONIC);STRYKER;16/07/2015;COMODATO;ING. IPS;COVIDIEN
NT;FUENTE DE LUZ;STRYKER;L9000;14K005964;CLASE IIA;2009DM-0003198;Medellín;B3;P5;;CIRUGÍA;COVIDIEN (MEDTRONIC);STRYKER;16/07/2015;COMODATO;ING. IPS;COVIDIEN
NT;SISTEMA DE GRABACION DE TORRE DE LAPAROSCOPIA;STRYKER;SD C3;14B021554;NA;NA;Medellín;B3;P5;;CIRUGÍA;COVIDIEN (MEDTRONIC);STRYKER;16/07/2015;COMODATO;ING. IPS;COVIDIEN
1025331;MOTOR QUIRURGICO;MEDTRONIC;IPC;NTC61055;CLASE IIA;2009DM-0004606;Medellín;B3;P5;;CIRUGÍA;IPS;MEDIREX;11/06/2015;ADQUISICION;ING. IPS;MEDIREX
1023671;ESTIMULADOR DE NERVIO PERIFERICO;BBRAUN;STIMUPLEX HNS12;240717;CLASE IIA;2008DM-002657;Medellín;B3;P5;;CIRUGÍA;IPS;DISTRIMEDICAL;28/04/2015;ADQUISICION;ING. IPS;TECNOLOGO 4
NT;GLUCOMETRO;ABBOTT;OPTIUM NEO H;LBGU227F05851;CLASE IIA;2013DM-0010859;Alterna;BA;P1;;CIRUGÍA;ABBOTT;ABBOTT;16/03/2015;COMODATO;ING. IPS;ABBOTT
NT;SENSOR DE TEMPERATURA Y HUMEDAD;IFORWARE;RHT05;1301390018;CLASE I;ACTA Nº 7 2009;Alterna;BA;P1;;CIRUGÍA;IPS;IFORWARE;16/02/2015;ADQUISICION;ING. IPS;TECNOLOGO 6
NT;BOMBA DE INFUSION;HOSPIRA;PLUM A+;75246017;CLASE IIB;2019EBC-0001789-R1;Alterna;BA;P1;;CIRUGÍA;ICUMEDICAL;HOSPIRA;4/02/2015;COMODATO;ING. IPS;ICU MEDICAL
1023758;FOTOFORO;FANAMED;F41;NT;CLASE I;ACTA Nº 7 2009;Medellín;B3;P5;;CIRUGÍA;IPS;FANAMED;24/01/2015;ADQUISICION;ING. IPS;TECNOLOGO 4
1023757;FOTOFORO;FANAMED;F41;NT;CLASE I;ACTA Nº 7 2009;Medellín;B3;P5;;CIRUGÍA;IPS;FANAMED;24/01/2015;ADQUISICION;ING. IPS;TECNOLOGO 4
1023756;FOTOFORO;FANAMED;F41;NT;CLASE I;ACTA Nº 7 2009;Alterna;BA;P1;;CIRUGÍA;IPS;FANAMED;24/01/2015;ADQUISICION;ING. IPS;TECNOLOGO 6
1023754;FOTOFORO;FANAMED;F41;NT;CLASE I;ACTA Nº 7 2009;Alterna;BA;P1;;CIRUGÍA;IPS;FANAMED;24/01/2015;ADQUISICION;ING. IPS;TECNOLOGO 6
1023753;FOTOFORO;FANAMED;F41;NT;CLASE I;ACTA Nº 7 2009;Alterna;BA;P1;;CIRUGÍA;IPS;FANAMED;24/01/2015;ADQUISICION;ING. IPS;TECNOLOGO 6
1022309;FOTOFORO;KLS MARTIN;17-500-10;140102-06833;CLASE I;2013DM-0009833;Medellín;B3;P5;;CIRUGÍA;IPS;QUIRURGICOS;26/11/2014;ADQUISICION;ING. IPS;TECNOLOGO 4
NT;GLUCOMETRO;ABBOTT;OPTIUM NEO H;LBGU227F04876;CLASE IIA;2013DM-0010859;Medellín;B3;P5;;CIRUGÍA;ABBOTT;ABBOTT;13/11/2014;COMODATO;ING. IPS;ABBOTT
NT;BOMBA DE INFUSION;HOSPIRA;PLUM A+;75240182;CLASE IIB;2019EBC-0001789-R1;Medellín;B3;P5;;CIRUGÍA;ICUMEDICAL;HOSPIRA;28/10/2014;COMODATO;ING. IPS;ICU MEDICAL
NT;BOMBA DE INFUSION;HOSPIRA;PLUM A+;75246016;CLASE IIB;2019EBC-0001789-R1;Medellín;B3;P5;;CIRUGÍA;ICUMEDICAL;HOSPIRA;28/10/2014;COMODATO;ING. IPS;ICU MEDICAL
1020187;TORNIQUETE;VBM;DIGITAL 8001;1405-8400;CLASE IIA;2008DM-0002030;Medellín;B3;P5;;CIRUGÍA;IPS;LM INSTRUMENTS;17/07/2014;ADQUISICION;ING. IPS;TECNOLOGO 4
1020188;TORNIQUETE;VBM;DIGITAL 8001;1405-8402;CLASE IIA;2008DM-0002030;Medellín;B3;P5;;CIRUGÍA;IPS;LM INSTRUMENTS;17/07/2014;ADQUISICION;ING. IPS;TECNOLOGO 4
NT;FONENDOSCOPIO;WELCH ALLYN;NT;NT;CLASE I;2007DM-0001322;Medellín;B3;P5;;CIRUGÍA;IPS;NT;19/06/2014;ADQUISICION;ING. IPS;TECNOLOGO 4
NT;GENERADOR ARMONICO;JOHNSON Y JOHNSON;GEN 11;1111225564;CLASE IIB;2012DM-0008445;Medellín;B3;P5;;CIRUGÍA;IPS;JOHNSON & JOHNSON;17/06/2014;COMODATO;ING. IPS;TECNOLOGO 4
NT;FONENDOSCOPIO ADULTO;WELCH ALLYN;NT;NA;CLASE I;2007DM-0001322;Medellín;B3;P5;;CIRUGÍA;IPS;NT;13/06/2014;ADQUISICION;ING. IPS;TECNOLOGO 4
NT;INYECTOR ANGIOGRAFICO;LIEBEL-FLARSHEIM;ILLUMENA;CI0611C0003;CLASE IIB;2007EBC-000539;Medellín;B3;P5;;CIRUGÍA;PRODIAGNOSTICO;RX;7/06/2014;APOYO TECNOLOGICO;PRODIAGNOSTICO;RX S.A
1020004;FLUJOMETRO;GENTEC;FM197B-15L-CH;NT;CLASE IIA;2013DM-0010627;Medellín;B3;P5;;CIRUGÍA;IPS;EQUISONES;9/05/2014;ADQUISICION;ING. IPS;TECNOLOGO 4
NT;INTENSIFICADOR DE IMÁGENES;SIEMENS;ARCADIS VARIC;16178;CLASE IIA;2008EBC-0002441;Medellín;B3;P5;;CIRUGÍA;IPS;SIEMENS;2/04/2014;ADQUISICION;ING. IPS;DISTRISERVICES X-RAY
1019822;FONENDOSCOPIO ADULTO;WELCH ALLYN;5079-135;NA;CLASE I;2017DM-0017258;Medellín;B3;P5;;CIRUGÍA;IPS;NT;21/03/2014;ADQUISICION;ING. IPS;TECNOLOGO 4
1019826;FONENDOSCOPIO ADULTO;WELCH ALLYN;5079-135;NA;CLASE I;2017DM-0017258;Medellín;B3;P5;;CIRUGÍA;IPS;NT;21/03/2014;ADQUISICION;ING. IPS;TECNOLOGO 4
1019823;FONENDOSCOPIO ADULTO;WELCH ALLYN;5079-135;NA;CLASE I;2017DM-0017258;Medellín;B3;P5;;CIRUGÍA;IPS;NT;21/03/2014;ADQUISICION;ING. IPS;TECNOLOGO 4
1019824;FONENDOSCOPIO ADULTO;WELCH ALLYN;5079-135;NA;CLASE I;2017DM-0017258;Medellín;B3;P5;;CIRUGÍA;IPS;NT;21/03/2014;ADQUISICION;ING. IPS;TECNOLOGO 4
1019820;FONENDOSCOPIO ADULTO;WELCH ALLYN;5079-135;NA;CLASE I;2017DM-0017258;Medellín;B3;P5;;CIRUGÍA;IPS;NT;21/03/2014;ADQUISICION;ING. IPS;TECNOLOGO 4
1016524;LARINGOSCOPIO;WELCH ALLYN;60813;NT;CLASE I;2008DM-0001919;Medellín;B3;P5;;CIRUGÍA;IPS;AT MEDICAS;10/03/2014;ADQUISICION;ING. IPS;TECNOLOGO 4
1016525;LARINGOSCOPIO;WELCH ALLYN;60813;NT;CLASE I;2008DM-0001919;Medellín;B3;P5;;CIRUGÍA;IPS;AT MEDICAS;10/03/2014;ADQUISICION;ING. IPS;TECNOLOGO 4
1019770;DERMATOMO;AESCULAP;GA670;1925;CLASE IIA;2008DM-0002858;Medellín;B3;P5;;CIRUGÍA;IPS;BBRAUN;13/02/2014;ADQUISICION;ING. IPS;TECNOLOGO 4
NT;FLUJOMETRO;GENTEC;FM197B-15L-CH;NT;CLASE IIA;2013DM-0010627;Medellín;B3;P5;;CIRUGÍA;IPS;EQUISONES;2/12/2013;ADQUISICION;ING. IPS;TECNOLOGO 4
NT;FLUJOMETRO;GENTEC;FM197B-15L-CH;NT;CLASE IIA;2013DM-0010627;Medellín;B3;P5;;CIRUGÍA;IPS;EQUISONES;2/12/2013;ADQUISICION;ING. IPS;TECNOLOGO 4
NT;FLUJOMETRO;GENTEC;FM197B-15L-CH;NT;CLASE IIA;2013DM-0010627;Medellín;B3;P5;;CIRUGÍA;IPS;EQUISONES;2/12/2013;ADQUISICION;ING. IPS;TECNOLOGO 4
NT;FLUJOMETRO;GENTEC;FM197B-15L-CH;NT;CLASE IIA;2013DM-0010627;Medellín;B3;P5;;CIRUGÍA;IPS;EQUISONES;2/12/2013;ADQUISICION;ING. IPS;TECNOLOGO 4
NT;FLUJOMETRO;GENTEC;FM197B-15L-CH;NT;CLASE IIA;2013DM-0010627;Medellín;B3;P5;;CIRUGÍA;IPS;EQUISONES;2/12/2013;ADQUISICION;ING. IPS;TECNOLOGO 4
NT;FLUJOMETRO;GENTEC;FM197B-15L-CH;NT;CLASE IIA;2013DM-0010627;Medellín;B3;P5;;CIRUGÍA;IPS;EQUISONES;2/12/2013;ADQUISICION;ING. IPS;TECNOLOGO 4
NT;FLUJOMETRO;GENTEC;FM197B-15L-CH;NT;CLASE IIA;2013DM-0010627;Medellín;B3;P5;;CIRUGÍA;IPS;EQUISONES;2/12/2013;ADQUISICION;ING. IPS;TECNOLOGO 4
NT;FLUJOMETRO;GENTEC;FM197B-15L-CH;NT;CLASE IIA;2013DM-0010627;Medellín;B3;P5;;CIRUGÍA;IPS;EQUISONES;2/12/2013;ADQUISICION;ING. IPS;TECNOLOGO 4
NT;FLUJOMETRO;GENTEC;FM197B-15L-CH;NT;CLASE IIA;2013DM-0010627;Medellín;B3;P5;;CIRUGÍA;IPS;EQUISONES;2/12/2013;ADQUISICION;ING. IPS;TECNOLOGO 4
NT;TROMBOELASTOGRAFO;MILLENIUM MEDICAL;TEG 5000;S051203855;CLASE IIA;2007DM-0001066;Medellín;B3;P5;;CIRUGÍA;IPS;MMS;26/11/2013;ADQUISICION;ING. IPS;MILLENIUM MEDICAL
NT;SENSOR DE TEMPERATURA Y HUMEDAD;IFORWARE;RHT05;1303190056;CLASE I;ACTA Nº 7 2009;Alterna;BA;P1;;CIRUGÍA;IPS;IFORWARE;7/11/2013;ADQUISICION;ING. IPS;TECNOLOGO 6
1019312;MOTOR NEUMATICO;MEDTRONIC;MIDAS REX PM700MR7;"P04048153
P04040664";CLASE IIA;2009EBC-0003486;Medellín;B3;P5;;CIRUGÍA;IPS;MEDTRONIC;23/09/2013;ADQUISICION;ING. IPS;MEDIREX
NT;ANALIZADOR DE GASES ARTERIALES;ABBOTT;I-STAT;356808;CLASE IIA;2009EBC-0003486;Medellín;B3;P5;;CIRUGÍA;ABBOTT;ARROW MEDICAL;31/07/2013;COMODATO;ING. IPS;ARROW MEDICAL S.A.
NT;SENSOR DE TEMPERATURA Y HUMEDAD;AKCP;THS00;NT;CLASE I;ACTA Nº 7 2009;Medellín;B3;P5;;CIRUGÍA;IPS;IFORWARE;18/07/2013;ADQUISICION;ING. IPS;TECNOLOGO 4
NT;SENSOR DE TEMPERATURA Y HUMEDAD;AKCP;THS03;062713-10;CLASE I;ACTA Nº 7 2009;Medellín;B3;P5;;CIRUGÍA;IPS;IFORWARE;18/07/2013;ADQUISICION;ING. IPS;TECNOLOGO 4
NT;FLUJOMETRO;GENTEC;FM197B-15L-CH;NT;CLASE IIA;2013DM-0010627;Medellín;B3;P5;;CIRUGÍA;IPS;EQUISONES;15/07/2013;ADQUISICION;ING. IPS;TECNOLOGO 4
NT;FLUJOMETRO;GENTEC;FM197B-15L-CH;NT;CLASE IIA;2013DM-0010627;Medellín;B3;P5;;CIRUGÍA;IPS;EQUISONES;15/07/2013;ADQUISICION;ING. IPS;TECNOLOGO 4
NT;FLUJOMETRO;GENTEC;FM197B-15L-CH;NT;CLASE IIA;2013DM-0010627;Medellín;B3;P5;;CIRUGÍA;IPS;EQUISONES;15/07/2013;ADQUISICION;ING. IPS;TECNOLOGO 4
NT;FLUJOMETRO;GENTEC;FM197B-15L-CH;NT;CLASE IIA;2013DM-0010627;Medellín;B3;P5;;CIRUGÍA;IPS;EQUISONES;15/07/2013;ADQUISICION;ING. IPS;TECNOLOGO 4
NT;FLUJOMETRO;GENTEC;FM197B-15L-CH;NT;CLASE IIA;2013DM-0010627;Medellín;B3;P5;;CIRUGÍA;IPS;EQUISONES;15/07/2013;ADQUISICION;ING. IPS;TECNOLOGO 4
NT;FLUJOMETRO;GENTEC;FM197B-15L-CH;NT;CLASE IIA;2013DM-0010627;Medellín;B3;P5;;CIRUGÍA;IPS;EQUISONES;15/07/2013;ADQUISICION;ING. IPS;TECNOLOGO 4
NT;FLUJOMETRO;GENTEC;FM197B-15L-CH;NT;CLASE IIA;2013DM-0010627;Medellín;B3;P5;;CIRUGÍA;IPS;EQUISONES;15/07/2013;ADQUISICION;ING. IPS;TECNOLOGO 4
NT;FLUJOMETRO;GENTEC;FM197B-15L-CH;NT;CLASE IIA;2013DM-0010627;Medellín;B3;P5;;CIRUGÍA;IPS;EQUISONES;15/07/2013;ADQUISICION;ING. IPS;TECNOLOGO 4
NT;FLUJOMETRO;GENTEC;FM197B-15L-CH;NT;CLASE IIA;2013DM-0010627;Medellín;B3;P5;;CIRUGÍA;IPS;EQUISONES;15/07/2013;ADQUISICION;ING. IPS;TECNOLOGO 4
1017601;LARINGOSCOPIO;WELCH ALLYN;60813;NT;CLASE I;2008DM-0001919;Medellín;B3;P5;;CIRUGÍA;IPS;AT MEDICAS;12/07/2013;ADQUISICION;ING. IPS;TECNOLOGO 4
1017605;LARINGOSCOPIO;WELCH ALLYN;60813;NT;CLASE I;2008DM-0001919;Medellín;B3;P5;;CIRUGÍA;IPS;NT;12/07/2013;ADQUISICION;ING. IPS;TECNOLOGO 4
1017044;REGULADOR DE CO2;IOXIGEN;MEDICAL;NT;CLASE IIA;2009DM-0003227;Medellín;B3;P5;;CIRUGÍA;IPS;NT;9/07/2013;ADQUISICION;ING. IPS;TECNICO 1
1017045;REGULADOR DE CO2;IOXIGEN;MEDICAL;NT;CLASE IIA;2009DM-0003227;Medellín;B3;P5;;CIRUGÍA;IPS;NT;9/07/2013;ADQUISICION;ING. IPS;TECNICO 1
1019905;FLUJOMETRO;GENTEC;FM197B-15L-CH;NT;CLASE IIA;2013DM-0010627;Medellín;B3;P5;;CIRUGÍA;IPS;EQUISONES;27/06/2013;ADQUISICION;ING. IPS;TECNOLOGO 4
1017038;SISTEMA DE CALENTAMIENTO DE PACIENTE;NELLCOR;WARMTOUCH;CI0213S102;CLASE IIA;2006DM-0000253;Medellín;B3;P5;;CIRUGÍA;IPS;COVIDIEN;26/06/2013;ADQUISICION;ING. IPS;TECNOLOGO 4
1017039;SISTEMA DE CALENTAMIENTO DE PACIENTE;NELLCOR;WARMTOUCH;CI0213S108;CLASE IIA;2006DM-0000253;Medellín;B3;P5;;CIRUGÍA;IPS;COVIDIEN;26/06/2013;ADQUISICION;ING. IPS;TECNOLOGO 4
1017041;SISTEMA DE CALENTAMIENTO DE PACIENTE;NELLCOR;WARMTOUCH;CI0213S062;CLASE IIA;2006DM-0000253;Medellín;B3;P5;;CIRUGÍA;IPS;COVIDIEN;26/06/2013;ADQUISICION;ING. IPS;TECNOLOGO 4
1017042;SISTEMA DE CALENTAMIENTO DE PACIENTE;NELLCOR;WARMTOUCH;CI0213S074;CLASE IIA;2006DM-0000253;Medellín;B3;P5;;CIRUGÍA;IPS;COVIDIEN;26/06/2013;ADQUISICION;ING. IPS;TECNOLOGO 4
1017043;SISTEMA DE CALENTAMIENTO DE PACIENTE;NELLCOR;WARMTOUCH;CI0213S073;CLASE IIA;2006DM-0000253;Medellín;B3;P5;;CIRUGÍA;IPS;COVIDIEN;26/06/2013;ADQUISICION;ING. IPS;TECNOLOGO 4
1017046;REGULADOR DE OXIGENO;OXIGEN;NT;NT;CLASE I;2009DM-0003227;Medellín;B3;P5;;CIRUGÍA;IPS;CRYOGAS;25/06/2013;ADQUISICION;ING. IPS;TECNICO 1
1019376;LASER UROLOGIA;LISA LASER;SPHINX JR;46;CLASE IIB;2010EBC-0006066;Medellín;B3;P5;;CIRUGÍA;IPS;BIOTRONITECH;21/06/2013;APOYO TECNOLOGICO;ING. IPS;BIOTRONITECH
1022517;LAMPARA CIELITICA;NUVO;VL135A2N;N07120069;CLASE I;2009EBC-0003486;Medellín;B3;P5;;CIRUGÍA;IPS;IMPORTMEDICAL;21/06/2013;ADQUISICION;ING. IPS;TECNOLOGO 4
1022535;LAMPARA CIELITICA;NUVO;VL135A2M;N07120071;CLASE I;2009EBC-0003486;Medellín;B3;P5;;CIRUGÍA;IPS;IMPORTMEDICAL;21/06/2013;ADQUISICION;ING. IPS;TECNOLOGO 4
1016576;SIERRA OSCILATORIA A BATERIA;AESCULAP;GA673;3776;CLASE IIA;2008DM-0002858;Medellín;B3;P5;;CIRUGÍA;IPS;BBRAUN;4/04/2013;ADQUISICION;ING. IPS;TECNOLOGO 4
1016557;DESFIBRILADOR;MINDRAY;BENEHEART D6;DG-23005558;CLASE IIB;2010EBC-0005463;Alterna;BA;P1;;CIRUGÍA;IPS;IMPORTMEDICAL;15/03/2013;ADQUISICION;ING. IPS;TECNOLOGO 6
NT;LAMPARA CIELITICA;NUVO;VL13502AM;N07120068;CLASE I;ACTA Nº 7 2009 - FALTA INVIMA SEGÚN ACTA N° 9 2012 Y ACTA N° 3 2013 - REQUIERE INVIMA A PARTIR DEL 14-05-2014 SEGÚN ACTA N° 4 2014 - CERTIFICACION N° 2009008430;Medellín;B3;P5;;CIRUGÍA;IPS;IMPORTMEDICAL;12/03/2013;ADQUISICION;ING. IPS;TECNOLOGO 4
1022547;LAMPARA CIELITICA;NUVO;VL13502AM;N07120070;CLASE I;ACTA Nº 7 2009 - FALTA INVIMA SEGÚN ACTA N° 9 2012 Y ACTA N° 3 2013 - REQUIERE INVIMA A PARTIR DEL 14-05-2014 SEGÚN ACTA N° 4 2014 - CERTIFICACION N° 2009008430;Medellín;B3;P5;;CIRUGÍA;IPS;IMPORTMEDICAL;12/03/2013;ADQUISICION;ING. IPS;TECNOLOGO 4
NT;MICROSCOPIO QUIRURGICO;CARL ZEISS;OPMIVARIO 700;6636141838;CLASE IIA;2007DM-0001346;Medellín;B3;P5;;CIRUGÍA;IPS;KAIKA;11/03/2013;ADQUISICION;ING. IPS;JUAN JAIMES
1016539;MOTOR DE OTORRINOLARINGOLOGIA;BIENAIR;ORL-E-922;1210006;CLASE IIA;2009DM-0004013;Alterna;BA;P1;;CIRUGÍA;IPS;MEDINISTROS;6/03/2013;ADQUISICION;ING. IPS;TECNOLOGO 6
1016492;SIERRA RECIPROCANTE A BATERIA;AESCULAP;GA674;2337;CLASE IIA;2008DM-0002858;Medellín;B3;P5;;CIRUGÍA;IPS;BBRAUN;1/03/2013;ADQUISICION;ING. IPS;TECNOLOGO 4
NT;SENSOR DE TEMPERATURA;IFORWARE;NT;NT;CLASE I;ACTA Nº 7 2009;Alterna;BA;P1;;CIRUGÍA;IPS;IFORWARE;8/02/2013;ADQUISICION;ING. IPS;TECNOLOGO 6
NT;GENERADOR ARMONICO;JOHNSON Y JOHNSON;GEN 11;1111226385;CLASE IIB;2012DM-0008445;Medellín;B3;P5;;CIRUGÍA;IPS;JOHNSON & JOHNSON;7/02/2013;COMODATO;ING. IPS;TECNOLOGO 4
NT;GENERADOR ARMONICO;JOHNSON Y JOHNSON;GEN 11;1111235377;CLASE IIB;2012DM-0008445;Medellín;B3;P5;;CIRUGÍA;IPS;JOHNSON & JOHNSON;7/02/2013;COMODATO;ING. IPS;TECNOLOGO 4
NT;LAMPARA CIELITICA;NUVO;VL1350A2M;N07120066;CLASE I;ACTA Nº 7 2009 - FALTA INVIMA SEGÚN ACTA N° 9 2012 Y ACTA N° 3 2013 - REQUIERE INVIMA A PARTIR DEL 14-05-2014 SEGÚN ACTA N° 4 2014 - CERTIFICACION N° 2009008430;Medellín;B3;P5;;CIRUGÍA;IPS;IMPORTMEDICAL;1/02/2013;ADQUISICION;ING. IPS;TECNOLOGO 4
NT;GENERADOR ARMONICO;JOHNSON Y JOHNSON;GEN 11;1111243128;CLASE IIB;2012DM-0008445;Medellín;B3;P5;;CIRUGÍA;IPS;JOHNSON & JOHNSON;30/01/2013;COMODATO;ING. IPS;TECNOLOGO 4
NT;SENSOR DE TEMPERATURA Y HUMEDAD;IFORWARE;RHT05;1208090069;CLASE I;ACTA Nº 7 2009;Alterna;BA;P1;;CIRUGÍA;IPS;IFORWARE;21/12/2012;ADQUISICION;ING. IPS;TECNOLOGO 6
1015783;FONENDOSCOPIO ADULTO;WELCH ALLYN;5079-135;NT;CLASE I;2017DM-0017258;Medellín;B1;P2;;CIRUGÍA;IPS;AT MEDICAS;16/11/2012;ADQUISICION;ING. IPS;TECNOLOGO 3
NT;SENSOR DE TEMPERATURA Y HUMEDAD;AKCP;THS00;NT;CLASE I;ACTA Nº 7 2009;Medellín;B3;P5;;CIRUGÍA;IPS;IFORWARE;29/10/2012;ADQUISICION;ING. IPS;TECNOLOGO 4
NT;SENSOR DE TEMPERATURA Y HUMEDAD;AKCP;THS00;NT;CLASE I;ACTA Nº 7 2009;Medellín;B3;P5;;CIRUGÍA;IPS;IFORWARE;29/10/2012;ADQUISICION;ING. IPS;TECNOLOGO 3
NT;LARINGOSCOPIO;WELCH ALLYN;60813;NT;CLASE I;2008DM-0001919;Alterna;BA;P1;;CIRUGÍA;IPS;AT MEDICAS;14/10/2012;ADQUISICION;ING. IPS;TECNOLOGO 6
NT;FLUJOMETRO;GENTEC;FM197B-15L-CH;NT;CLASE IIA;2013DM-0010627;Medellín;B3;P5;;CIRUGÍA;IPS;EQUISONES;26/09/2012;ADQUISICION;ING. IPS;TECNOLOGO 4
NT;FLUJOMETRO;GENTEC;FM197B-15L-CH;NT;CLASE IIA;2013DM-0010627;Medellín;B3;P5;;CIRUGÍA;IPS;EQUISONES;26/09/2012;ADQUISICION;ING. IPS;TECNOLOGO 4
NT;FLUJOMETRO;GENTEC;FM197B-15L-CH;NT;CLASE IIA;2013DM-0010627;Medellín;B3;P5;;CIRUGÍA;IPS;EQUISONES;26/09/2012;ADQUISICION;ING. IPS;TECNOLOGO 4
NT;FLUJOMETRO;GENTEC;FM197B-15L-CH;NT;CLASE IIA;2013DM-0010627;Medellín;B3;P5;;CIRUGÍA;IPS;EQUISONES;26/09/2012;ADQUISICION;ING. IPS;TECNOLOGO 4
NT;FLUJOMETRO;GENTEC;FM197B-15L-CH;NT;CLASE IIA;2013DM-0010627;Medellín;B3;P5;;CIRUGÍA;IPS;EQUISONES;26/09/2012;ADQUISICION;ING. IPS;TECNOLOGO 4
NT;FLUJOMETRO;GENTEC;FM197B-15L-CH;NT;CLASE IIA;2013DM-0010627;Medellín;B3;P5;;CIRUGÍA;IPS;EQUISONES;26/09/2012;ADQUISICION;ING. IPS;TECNOLOGO 4
NT;FLUJOMETRO;GENTEC;FM197B-15L-CH;NT;CLASE IIA;2013DM-0010627;Medellín;B3;P5;;CIRUGÍA;IPS;EQUISONES;26/09/2012;ADQUISICION;ING. IPS;TECNOLOGO 4
NT;FLUJOMETRO;GENTEC;FM197B-15L-CH;NT;CLASE IIA;2013DM-0010627;Medellín;B3;P5;;CIRUGÍA;IPS;EQUISONES;26/09/2012;ADQUISICION;ING. IPS;TECNOLOGO 4
NT;FLUJOMETRO;GENTEC;FM197B-15L-CH;NT;CLASE IIA;2013DM-0010627;Medellín;B3;P5;;CIRUGÍA;IPS;EQUISONES;26/09/2012;ADQUISICION;ING. IPS;TECNOLOGO 4
NT;FLUJOMETRO;GENTEC;FM197B-15L-CH;NT;CLASE IIA;2013DM-0010627;Medellín;B3;P5;;CIRUGÍA;IPS;EQUISONES;26/09/2012;ADQUISICION;ING. IPS;TECNOLOGO 4
NT;FLUJOMETRO;GENTEC;FM197B-15L-CH;NT;CLASE IIA;2013DM-0010627;Medellín;B3;P5;;CIRUGÍA;IPS;EQUISONES;26/09/2012;ADQUISICION;ING. IPS;TECNOLOGO 4
NT;FLUJOMETRO;GENTEC;FM197B-15L-CH;NT;CLASE IIA;2013DM-0010627;Medellín;B3;P5;;CIRUGÍA;IPS;EQUISONES;26/09/2012;ADQUISICION;ING. IPS;TECNOLOGO 4
1009675;ELECTROBISTURI;VALLEYLAB;FORCE FX;S1L0979AX;CLASE IIB;2007EBC-0000505;Medellín;B3;P5;;CIRUGÍA;IPS;IMPORTMEDICAL;21/09/2012;ADQUISICION;ING. IPS;TECNOLOGO 4
1009676;ELECTROBISTURI;VALLEYLAB;FORCE FX;S1L0976AX;CLASE IIB;2007EBC-0000505;Medellín;B3;P5;;CIRUGÍA;IPS;IMPORTMEDICAL;21/09/2012;ADQUISICION;ING. IPS;TECNOLOGO 4
1009443;FLUJOMETRO;GENTEC;CFM-15L;NT;CLASE IIA;2009DM-0005053;Medellín;B3;P5;;CIRUGÍA;IPS;EQUISONES;4/09/2012;ADQUISICION;ING. IPS;TECNOLOGO 4
1009469;FLUJOMETRO;GENTEC;CFM-15L;NT;CLASE IIA;2009DM-0005053;Medellín;B3;P5;;CIRUGÍA;IPS;EQUISONES;4/09/2012;ADQUISICION;ING. IPS;TECNOLOGO 4
1009470;FLUJOMETRO;GENTEC;CFM-15L;NT;CLASE IIA;2009DM-0005053;Medellín;B3;P5;;CIRUGÍA;IPS;EQUISONES;4/09/2012;ADQUISICION;ING. IPS;TECNOLOGO 4
1009481;FLUJOMETRO;GENTEC;CFM-15L;NT;CLASE IIA;2009DM-0005053;Medellín;B3;P5;;CIRUGÍA;IPS;EQUISONES;4/09/2012;ADQUISICION;ING. IPS;TECNOLOGO 4
COMODATO;COMPRESOR VASCULAR;KENDALL;SCD EXPRESS 9525;1204114;CLASE IIA;2006DM-0000269;Alterna;BA;P1;;CIRUGÍA;COVIDIEN;COVIDIEN;30/08/2012;COMODATO;ING. IPS;CARDINAL HEALTH
1009257;CISTOURETEROFIBROSCOPIO;KARL STORZ;11272CU1;2125119;CLASE IIB;2008DM-0003085;Medellín;B3;P5;;CIRUGÍA;IPS;BIOTRONITECH;24/08/2012;ADQUISICION;ING. IPS;TECNOLOGO 4
NT;MAQUINA DE ANESTESIA;MINDRAY;WATO EX-65;DA-23102388;CLASE IIB;2009EBC-0003730;Medellín;B3;P5;;CIRUGÍA;IPS;IMPORTMEDICAL;26/07/2012;ADQUISICION;ING. IPS;TECNOLOGO 4
NT;FUENTE DE LUZ;TEKNO;HD;923023;CLASE IIB;"2009DM-0004144
2009DM-0004890
2009DM-0004891 
2009DM-0004894
2009DM-0004895";Alterna;BA;P1;;CIRUGÍA;UCIPHARMA;UCIPHARMA;23/07/2012;COMODATO;ING. IPS;TECNOLOGO 6
NT;SENSOR DE TEMPERATURA Y HUMEDAD;AKCP;THS00;NT;CLASE I;ACTA Nº 7 2009;Medellín;B3;P5;;CIRUGÍA;IPS;IFORWARE;18/07/2012;ADQUISICION;ING. IPS;TECNOLOGO 4
NT;SENSOR DE TEMPERATURA Y HUMEDAD;AKCP;THS00;NT;CLASE I;ACTA Nº 7 2009;Medellín;B3;P5;;CIRUGÍA;IPS;IFORWARE;17/07/2012;ADQUISICION;ING. IPS;TECNOLOGO 4
NT;SENSOR DE TEMPERATURA Y HUMEDAD;AKCP;THS00;NT;CLASE I;ACTA Nº 7 2009;Medellín;B3;P5;;CIRUGÍA;IPS;IFORWARE;10/07/2012;ADQUISICION;ING. IPS;TECNOLOGO 4
NT;SENSOR DE TEMPERATURA Y HUMEDAD;AKCP;THS00;NT;CLASE I;ACTA Nº 7 2009;Medellín;B3;P5;;CIRUGÍA;IPS;IFORWARE;10/07/2012;ADQUISICION;ING. IPS;TECNOLOGO 4
NT;SENSOR DE TEMPERATURA Y HUMEDAD;AKCP;THS00;NT;CLASE I;ACTA Nº 7 2009;Medellín;B3;P5;;CIRUGÍA;IPS;IFORWARE;10/07/2012;ADQUISICION;ING. IPS;TECNOLOGO 4
1009677;MAQUINA DE ANESTESIA;MINDRAY;WATO EX-65;DA-23102389;CLASE IIB;2009EBC-0003730;Medellín;B3;P5;;CIRUGÍA;IPS;IMPORTMEDICAL;9/07/2012;ADQUISICION;ING. IPS;TECNOLOGO 4
NT;SENSOR DE TEMPERATURA;AKCP;TMP00;NT;CLASE I;ACTA Nº 7 2009;Medellín;B3;P5;;CIRUGÍA;IPS;IFORWARE;5/06/2012;ADQUISICION;ING. IPS;TECNOLOGO 4
NT;MESA DE CIRUGÍA;AMSCO;ORTHOVISION;433691043;CLASE I;INGRESO ANTES DE ACTA N° 09 OCTUBRE 2012;Medellín;B3;P5;;CIRUGÍA;IPS;IMPORTMEDICAL;5/06/2012;ADQUISICION;ING. IPS;TECNOLOGO 4
1008954;LAMPARA CIELITICA;NUVO;VL1350AZHN44;S15796AJD;CLASE I;ACTA Nº 7 2009 - REQUIERE INVIMA A PARTIR DEL 14-05-2014 SEGÚN ACTA N° 4 2014;Medellín;B3;P5;;CIRUGÍA;IPS;IMPORTMEDICAL;1/06/2012;ADQUISICION;ING. IPS;TECNOLOGO 4
1022545;MONITOR DE SIGNOS VITALES;MINDRAY;BENEVIEW T5;CM-23123687;CLASE IIB;2009EBC-0003486;Medellín;B3;P5;;CIRUGÍA;IPS;HOSPIMEDICS CORP;1/06/2012;LEASING;ING. IPS;TECNOLOGO 4
BAN099;MONITOR DE SIGNOS VITALES;MINDRAY;BENEVIEW T5;CM-23123681;CLASE IIB;2009EBC-0003486;Medellín;B3;P5;;CIRUGÍA;IPS;HOSPIMEDICS CORP;1/06/2012;LEASING;ING. IPS;TECNOLOGO 4
1022436;MONITOR DE SIGNOS VITALES;MINDRAY;BENEVIEW T5;CM-23123688;CLASE IIB;2009EBC-0003486;Medellín;B3;P5;;CIRUGÍA;IPS;HOSPIMEDICS CORP;1/06/2012;LEASING;ING. IPS;TECNOLOGO 4
BAN104;MONITOR DE SIGNOS VITALES;MINDRAY;BENEVIEW T5;CM-23123676;CLASE IIB;2009EBC-0003486;Medellín;B3;P5;;CIRUGÍA;IPS;HOSPIMEDICS CORP;1/06/2012;LEASING;ING. IPS;TECNOLOGO 4
1022538;MONITOR DE SIGNOS VITALES;MINDRAY;BENEVIEW T5;CM-23126677;CLASE IIB;2009EBC-0003486;Medellín;B3;P5;;CIRUGÍA;IPS;HOSPIMEDICS CORP;1/06/2012;LEASING;ING. IPS;TECNOLOGO 4
NT;SENSOR DE TEMPERATURA Y HUMEDAD;AKCP;THS00;THS 00/08/12/10-45;CLASE I;ACTA Nº 7 2009;Medellín;B3;P5;;CIRUGÍA;IPS;IFORWARE;1/06/2012;ADQUISICION;ING. IPS;TECNOLOGO 4
NT;SENSOR DE TEMPERATURA Y HUMEDAD;AKCP;THS00;THS 00/08/12/10-54;CLASE I;ACTA Nº 7 2009;Medellín;B3;P5;;CIRUGÍA;IPS;IFORWARE;1/06/2012;ADQUISICION;ING. IPS;TECNOLOGO 4
NT;SENSOR DE TEMPERATURA Y HUMEDAD;AKCP;THS00;THS 00/08/12/10-70;CLASE I;ACTA Nº 7 2009;Medellín;B3;P5;;CIRUGÍA;IPS;IFORWARE;1/06/2012;ADQUISICION;ING. IPS;TECNOLOGO 4
BAN108;LAMPARA PIELITICA;MINDRAY;HY-LED 9;J1-23000082;CLASE I;2013DM-0010460;Medellín;B3;P5;;CIRUGÍA;IPS;HOSPIMEDICS CORP;1/06/2012;LEASING;ING. IPS;TECNOLOGO 4
NT;SENSOR DE TEMPERATURA Y HUMEDAD;AKCP;THS00;NT;CLASE I;ACTA Nº 7 2009;Medellín;B3;P5;;CIRUGÍA;IPS;IFORWARE;24/05/2012;ADQUISICION;ING. IPS;TECNOLOGO 4
NT;SENSOR DE TEMPERATURA Y HUMEDAD;AKCP;THS00;NT;CLASE I;ACTA Nº 7 2009;Medellín;B3;P5;;CIRUGÍA;IPS;IFORWARE;24/05/2012;ADQUISICION;ING. IPS;TECNOLOGO 4
NT;SENSOR DE TEMPERATURA Y HUMEDAD;AKCP;THS00;NT;CLASE I;ACTA Nº 7 2009;Medellín;B3;P5;;CIRUGÍA;IPS;IFORWARE;22/05/2012;ADQUISICION;ING. IPS;TECNOLOGO 4
NT;SENSOR DE TEMPERATURA Y HUMEDAD;AKCP;THS00;NT;CLASE I;ACTA Nº 7 2009;Medellín;B3;P5;;CIRUGÍA;IPS;IFORWARE;22/05/2012;ADQUISICION;ING. IPS;TECNOLOGO 4
1008833;GAMMASONDA;NUCLEARLAB;DGC-11;1264;CLASE IIA;2010DM-0006720;Medellín;B3;P5;;CIRUGÍA;IPS;ATX;11/05/2012;ADQUISICION;ING. IPS;TECNOLOGO 4
1014917;REGULADOR DE VACIO;AMVEX;VR-C2UD-CMD;VRA090029IJ;CLASE IIA;2008DM-0003034;Medellín;B3;P5;;CIRUGÍA;IPS;LINDE;30/03/2012;ADQUISICION;ING. IPS;TECNOLOGO 4
NT;REGULADOR DE PRESION;BAXTER;EASY- SPRAY;1951;CLASE I;2008DM-0001647;Medellín;B3;P5;;CIRUGÍA;BAXTER;COVIDIEN;17/02/2012;COMODATO;ING. IPS;TECNOLOGO 4
1007052;REGULADOR DE VACIO;AMVEX;VR-C2UD-CMD;VRA09021IJ;CLASE IIA;2008DM-0003034;Alterna;BA;P1;;CIRUGÍA;IPS;LINDE;16/12/2011;ADQUISICION;ING. IPS;TECNOLOGO 6
1007065;REGULADOR DE VACIO;AMVEX;VR-C2UD-CMD;VRA09041IJ;CLASE IIA;2008DM-0003034;Alterna;BA;P1;;CIRUGÍA;IPS;LINDE;16/12/2011;ADQUISICION;ING. IPS;TECNOLOGO 6
1007923;REGULADOR DE VACIO;AMVEX;VR-C2UD-CMD;VRA06805CK;CLASE IIA;2008DM-0003034;Medellín;B3;P5;;CIRUGÍA;IPS;LINDE;15/12/2011;ADQUISICION;ING. IPS;TECNOLOGO 4
1007952;REGULADOR DE VACIO;AMVEX;VR-C2UD-CMD;VRA08150DK;CLASE IIA;2008DM-0003034;Medellín;B3;P5;;CIRUGÍA;IPS;LINDE;15/12/2011;ADQUISICION;ING. IPS;TECNOLOGO 4
1007925;REGULADOR DE VACIO;AMVEX;VR-C2UD-CMD;VRA07024DK;CLASE IIA;2008DM-0003034;Medellín;B3;P5;;CIRUGÍA;IPS;LINDE;15/12/2011;ADQUISICION;ING. IPS;TECNOLOGO 4
1007939;REGULADOR DE VACIO;AMVEX;VR-C2UD-CMD;VRA08145DK;CLASE IIA;2008DM-0003034;Medellín;B3;P5;;CIRUGÍA;IPS;LINDE;15/12/2011;ADQUISICION;ING. IPS;TECNOLOGO 4
1007927;REGULADOR DE VACIO;AMVEX;VR-C2UD-CMD;VRA08143DK;CLASE IIA;2008DM-0003034;Medellín;B3;P5;;CIRUGÍA;IPS;LINDE;15/12/2011;ADQUISICION;ING. IPS;TECNOLOGO 4
1007937;REGULADOR DE VACIO;AMVEX;VR-C2UD-CMD;VRA08158DK;CLASE IIA;2008DM-0003034;Medellín;B3;P5;;CIRUGÍA;IPS;LINDE;15/12/2011;ADQUISICION;ING. IPS;TECNOLOGO 4
1007931;REGULADOR DE VACIO;AMVEX;VR-C2UD-CMD;VRA08153DK;CLASE IIA;2008DM-0003034;Medellín;B3;P5;;CIRUGÍA;IPS;LINDE;15/12/2011;ADQUISICION;ING. IPS;TECNOLOGO 4
1007947;REGULADOR DE VACIO;AMVEX;VR-C2UD-CMD;VRA08133DK;CLASE IIA;2008DM-0003034;Medellín;B3;P5;;CIRUGÍA;IPS;LINDE;15/12/2011;ADQUISICION;ING. IPS;TECNOLOGO 4
1007921;REGULADOR DE VACIO;AMVEX;VR-C2UD-CMD;VRA06806CK;CLASE IIA;2008DM-0003034;Medellín;B3;P5;;CIRUGÍA;IPS;LINDE;15/12/2011;ADQUISICION;ING. IPS;TECNOLOGO 4
1007964;REGULADOR DE VACIO;AMVEX;VR-C2UD-CMD;VRA06829CK;CLASE IIA;2008DM-0003034;Medellín;B3;P5;;CIRUGÍA;IPS;LINDE;15/12/2011;ADQUISICION;ING. IPS;TECNOLOGO 4
1007956;REGULADOR DE VACIO;AMVEX;VR-C2UD-CMD;VRA06827CK;CLASE IIA;2008DM-0003034;Medellín;B3;P5;;CIRUGÍA;IPS;LINDE;15/12/2011;ADQUISICION;ING. IPS;TECNOLOGO 4
1007962;REGULADOR DE VACIO;AMVEX;VR-C2UD-CMD;VRA08160DK;CLASE IIA;2008DM-0003034;Medellín;B3;P5;;CIRUGÍA;IPS;LINDE;15/12/2011;ADQUISICION;ING. IPS;TECNOLOGO 4
1007967;REGULADOR DE VACIO;AMVEX;VR-C2UD-CMD;VRA06838CK;CLASE IIA;2008DM-0003034;Medellín;B3;P5;;CIRUGÍA;IPS;LINDE;15/12/2011;ADQUISICION;ING. IPS;TECNOLOGO 4
1008035;REGULADOR DE VACIO;AMVEX;VR-C2UD-CMD;VRA07554EK;CLASE IIA;2008DM-0003034;Medellín;B3;P5;;CIRUGÍA;IPS;LINDE;15/12/2011;ADQUISICION;ING. IPS;TECNOLOGO 4
1008030;REGULADOR DE VACIO;AMVEX;VR-C2UD-CMD;VRA07542EK;CLASE IIA;2008DM-0003034;Medellín;B3;P5;;CIRUGÍA;IPS;LINDE;15/12/2011;ADQUISICION;ING. IPS;TECNOLOGO 4
1008013;REGULADOR DE VACIO;AMVEX;VR-C2UD-CMD;VRA07116FK;CLASE IIA;2008DM-0003034;Medellín;B3;P5;;CIRUGÍA;IPS;LINDE;15/12/2011;ADQUISICION;ING. IPS;TECNOLOGO 4
1007079;REGULADOR DE VACIO;AMVEX;VR-C2UD-CMD;VRA09008IJ;CLASE IIA;2008DM-0003034;Medellín;B3;P5;;CIRUGÍA;IPS;NT;14/12/2011;ADQUISICION;ING. IPS;TECNOLOGO 4
1008168;TENSIOMETRO DE PARED;ALPK2;500W2;5538;CLASE I;2008DM-0001928;Alterna;BA;P1;;CIRUGÍA;IPS;INDUMEDICA;14/12/2011;ADQUISICION;ING. IPS;TECNOLOGO 6
NT;FUENTE DE LUZ;OLYMPUS;CLK-4;8511802;CLASE I;2009DM-0003740;Medellín;B3;P5;;CIRUGÍA;IPS;OLYMPUS;1/12/2011;ADQUISICION;ING. IPS;TECNOLOGO 4
1007750;LARINGOSCOPIO;WELCH ALLYN;60813;NT;CLASE I;2008DM-0001919;Medellín;B3;P5;;CIRUGÍA;IPS;AT MEDICAS;21/11/2011;ADQUISICION;ING. IPS;TECNOLOGO 4
1022537;LARINGOSCOPIO;WELCH ALLYN;60813;NT;CLASE I;2008DM-0001919;Medellín;B3;P5;;CIRUGÍA;IPS;AT MEDICAS;21/11/2011;ADQUISICION;ING. IPS;TECNOLOGO 4
1007753;LARINGOSCOPIO;WELCH ALLYN;60813;NT;CLASE I;2008DM-0001919;Medellín;B3;P5;;CIRUGÍA;IPS;AT MEDICAS;21/11/2011;ADQUISICION;ING. IPS;TECNOLOGO 4
1007970;REGULADOR DE VACIO;AMVEX;VR-C2UD-CMD;VRA06814CK;CLASE IIA;2008DM-0003034;Alterna;BA;P1;;CIRUGÍA;IPS;LINDE;8/11/2011;ADQUISICION;ING. IPS;TECNOLOGO 6
1007971;REGULADOR DE VACIO;AMVEX;VR-C2UD-CMD;VRA06809CK;CLASE IIA;2008DM-0003034;Alterna;BA;P1;;CIRUGÍA;IPS;LINDE;8/11/2011;ADQUISICION;ING. IPS;TECNOLOGO 6
1007961;REGULADOR DE VACIO;AMVEX;VR-C2UD-CMD;VRA06841CK;CLASE IIA;2008DM-0003034;Alterna;BA;P1;;CIRUGÍA;IPS;LINDE;8/11/2011;ADQUISICION;ING. IPS;TECNOLOGO 6
1007963;REGULADOR DE VACIO;AMVEX;VR-C2UD-CMD;VRA06837CK;CLASE IIA;2008DM-0003034;Alterna;BA;P1;;CIRUGÍA;IPS;LINDE;8/11/2011;ADQUISICION;ING. IPS;TECNOLOGO 6
1007953;REGULADOR DE VACIO;AMVEX;VR-C2UD-CMD;VRA07016DK;CLASE IIA;2008DM-0003034;Alterna;BA;P1;;CIRUGÍA;IPS;LINDE;8/11/2011;ADQUISICION;ING. IPS;TECNOLOGO 6
1007959;REGULADOR DE VACIO;AMVEX;VR-C2UD-CMD;VRA06830CK;CLASE IIA;2008DM-0003034;Alterna;BA;P1;;CIRUGÍA;IPS;LINDE;8/11/2011;ADQUISICION;ING. IPS;TECNOLOGO 6
1007957;REGULADOR DE VACIO;AMVEX;VR-C2UD-CMD;VRA06836CK;CLASE IIA;2008DM-0003034;Alterna;BA;P1;;CIRUGÍA;IPS;LINDE;8/11/2011;ADQUISICION;ING. IPS;TECNOLOGO 6
1007965;REGULADOR DE VACIO;AMVEX;VR-C2UD-CMD;VRA06828CK;CLASE IIA;2008DM-0003034;Medellín;B3;P5;;CIRUGÍA;IPS;LINDE;26/10/2011;ADQUISICION;ING. IPS;TECNOLOGO 4
NT;FUENTE DE LUZ;EXPLORENT;7021110110;4747;CLASE I;NT;Alterna;BA;P1;;CIRUGÍA;IPS;NT;25/10/2011;ADQUISICION;ING. IPS;TECNOLOGO 6
NT;TORRE DE LAPAROSCOPIA;TEKNO;"TEKNO - FLOW 20S
TEKNOLIGHT XA/M 300
LCD";"MF1043205
K24205A-1082
2015588
MF5+0943076
CAM-1668";CLASE IIB;2009DM-0004042;Alterna;BA;P1;;CIRUGÍA;UCIPHARMA;UCIPHARMA;17/08/2011;COMODATO;ING. IPS;TECNOLOGO 6
COMODATO;COMPRESOR VASCULAR;KENDALL;SCD EXPRESS 9525;1023455;CLASE IIA;2006DM-0000269;Medellín;B3;P5;;CIRUGÍA;COVIDIEN;COVIDIEN;17/06/2011;COMODATO;ING. IPS;CARDINAL HEALTH
COMODATO;COMPRESOR VASCULAR;KENDALL;SCD EXPRESS 9525;1023334;CLASE IIA;2006DM-0000269;Medellín;B3;P5;;CIRUGÍA;COVIDIEN;COVIDIEN;17/06/2011;COMODATO;ING. IPS;CARDINAL HEALTH
COMODATO;COMPRESOR VASCULAR;KENDALL;SCD EXPRESS 9525;1006181;CLASE IIA;2006DM-0000269;Alterna;BA;P1;;CIRUGÍA;COVIDIEN;COVIDIEN;17/06/2011;COMODATO;ING. IPS;CARDINAL HEALTH
COMODATO;COMPRESOR VASCULAR;KENDALL;SCD EXPRESS 9525;1006185;CLASE IIA;2006DM-0000269;Medellín;B3;P5;;CIRUGÍA;COVIDIEN;COVIDIEN;17/06/2011;COMODATO;ING. IPS;CARDINAL HEALTH
1022142;MONITOR DE SIGNOS VITALES;MINDRAY;PM-7000;CE-0B126246;CLASE IIB;2009EBC-0003486;Medellín;B3;P5;;CIRUGÍA;IPS;HOSPIMEDICS CORP;23/05/2011;LEASING;ING. IPS;TECNOLOGO 4
1022138;MONITOR DE SIGNOS VITALES;MINDRAY;PM-7000;CE-0B126243;CLASE IIB;2009EBC-0003486;Medellín;B3;P5;;CIRUGÍA;IPS;HOSPIMEDICS CORP;23/05/2011;LEASING;ING. IPS;TECNOLOGO 4
1022140;MONITOR DE SIGNOS VITALES;MINDRAY;PM-7000;CE-0B126254;CLASE IIB;2009EBC-0003486;Medellín;B3;P5;;CIRUGÍA;IPS;HOSPIMEDICS CORP;23/05/2011;LEASING;ING. IPS;TECNOLOGO 4
1022141;MONITOR DE SIGNOS VITALES;MINDRAY;PM-7000;CE-0B126247;CLASE IIB;2009EBC-0003486;Medellín;B3;P5;;CIRUGÍA;IPS;HOSPIMEDICS CORP;23/05/2011;LEASING;ING. IPS;TECNOLOGO 4
1022516;MONITOR DE SIGNOS VITALES;MINDRAY;BENEVIEW T5;CM-0B114412;CLASE IIB;2009EBC-0003486;Medellín;B3;P5;;CIRUGÍA;IPS;HOSPIMEDICS CORP;23/05/2011;LEASING;ING. IPS;TECNOLOGO 4
NT;LARINGOSCOPIO;WELCH ALLYN;60813;NT;CLASE I;2008DM-0001919;Medellín;B3;P5;;CIRUGÍA;IPS;AT MEDICAS;1/04/2011;ADQUISICION;ING. IPS;TECNOLOGO 4
NT;LARINGOSCOPIO;WELCH ALLYN;60813;NT;CLASE I;2008DM-0001919;Medellín;B3;P5;;CIRUGÍA;IPS;AT MEDICAS;1/04/2011;ADQUISICION;ING. IPS;TECNOLOGO 4
1014938;BASCULA CON TALLIMETRO;HEALTH O METER;180KG;40287786;CLASE I;ACTA Nº 7 2009 - REQUIERE INVIMA A PARTIR DEL 14-05-2014 SEGÚN ACTA N° 4 2014 - NA INVIMA SEGÚN CIRCULAR 500-3476-14 06/06/2014;Alterna;BA;P1;;CIRUGÍA;IPS;NT;18/02/2011;ADQUISICION;ING. IPS;TECNOLOGO 6
NT;MOTOR QUIRURGICO;AESCULAP;ELAN-E;4563;CLASE I;2008DM-0002858;Medellín;B3;P5;;CIRUGÍA;IPS;BBRAUN;6/02/2011;ADQUISICION;ING. IPS;TECNOLOGO 4
1014937;CALENTADOR DE FLUIDOS;LEVEL 1;H-1200;S100002130;CLASE IIA;2009EBC-0004359;Medellín;B3;P5;;CIRUGÍA;IPS;LM INSTRUMENTS;1/02/2011;ADQUISICION;ING. IPS;TECNOLOGO 4
1014930;REGULADOR DE VACIO;AMVEX;VR-C2UD-CMD;VRA09046IJ;CLASE IIA;2008DM-0003034;Medellín;B3;P5;;CIRUGÍA;IPS;LINDE;27/01/2011;ADQUISICION;ING. IPS;TECNOLOGO 4
1014918;REGULADOR DE VACIO;AMVEX;VR-C2UD-CMD;VRA09031IJ;CLASE IIA;2008DM-0003034;Medellín;B3;P5;;CIRUGÍA;IPS;LINDE;27/01/2011;ADQUISICION;ING. IPS;TECNOLOGO 4
1014928;REGULADOR DE VACIO;AMVEX;VR-C2UD-CMD;VRA09044IJ;CLASE IIA;2008DM-0003034;Medellín;B3;P5;;CIRUGÍA;IPS;LINDE;27/01/2011;ADQUISICION;ING. IPS;TECNOLOGO 4
1014931;REGULADOR DE VACIO;AMVEX;VR-C2UD-CMD;VRA09048IJ;CLASE IIA;2008DM-0003034;Medellín;B3;P5;;CIRUGÍA;IPS;LINDE;27/01/2011;ADQUISICION;ING. IPS;TECNOLOGO 4
1014925;REGULADOR DE VACIO;AMVEX;VR-C2UD-CMD;VRA09040IJ;CLASE IIA;2008DM-0003034;Medellín;B3;P5;;CIRUGÍA;IPS;LINDE;27/01/2011;ADQUISICION;ING. IPS;TECNOLOGO 4
1014922;REGULADOR DE VACIO;AMVEX;VR-C2UD-CMD;VRA09035IJ;CLASE IIA;2008DM-0003034;Medellín;B3;P5;;CIRUGÍA;IPS;LINDE;27/01/2011;ADQUISICION;ING. IPS;TECNOLOGO 4
1014926;REGULADOR DE VACIO;AMVEX;VR-C2UD-CMD;VRA09042IJ;CLASE IIA;2008DM-0003034;Medellín;B3;P5;;CIRUGÍA;IPS;LINDE;27/01/2011;ADQUISICION;ING. IPS;TECNOLOGO 4
1014923;REGULADOR DE VACIO;AMVEX;VR-C2UD-CMD;VRA09036IJ;CLASE IIA;2008DM-0003034;Medellín;B3;P5;;CIRUGÍA;IPS;LINDE;27/01/2011;ADQUISICION;ING. IPS;TECNOLOGO 4
1014927;REGULADOR DE VACIO;AMVEX;VR-C2UD-CMD;VRA09043IJ;CLASE IIA;2008DM-0003034;Medellín;B3;P5;;CIRUGÍA;IPS;LINDE;27/01/2011;ADQUISICION;ING. IPS;TECNOLOGO 4
1014924;REGULADOR DE VACIO;AMVEX;VR-C2UD-CMD;VRA09037IJ;CLASE IIA;2008DM-0003034;Medellín;B3;P5;;CIRUGÍA;IPS;LINDE;27/01/2011;ADQUISICION;ING. IPS;TECNOLOGO 4
1014912;REGULADOR DE VACIO;AMVEX;VR-C2UD-CMD;VRA09024IJ;CLASE IIA;2008DM-0003034;Medellín;B3;P5;;CIRUGÍA;IPS;LINDE;27/01/2011;ADQUISICION;ING. IPS;TECNOLOGO 4
1014913;REGULADOR DE VACIO;AMVEX;VR-C2UD-CMD;VRA09025IJ;CLASE IIA;2008DM-0003034;Medellín;B3;P5;;CIRUGÍA;IPS;LINDE;27/01/2011;ADQUISICION;ING. IPS;TECNOLOGO 4
1014915;REGULADOR DE VACIO;AMVEX;VR-C2UD-CMD;VRA09027IJ;CLASE IIA;2008DM-0003034;Medellín;B3;P5;;CIRUGÍA;IPS;LINDE;27/01/2011;ADQUISICION;ING. IPS;TECNOLOGO 4
1014914;REGULADOR DE VACIO;AMVEX;VR-C2UD-CMD;VRA09026IJ;CLASE IIA;2008DM-0003034;Medellín;B3;P5;;CIRUGÍA;IPS;LINDE;27/01/2011;ADQUISICION;ING. IPS;TECNOLOGO 4
1014906;REGULADOR DE VACIO;AMVEX;VR-C2UD-CMD;VRA09014IJ;CLASE IIA;2008DM-0003034;Medellín;B3;P5;;CIRUGÍA;IPS;LINDE;27/01/2011;ADQUISICION;ING. IPS;TECNOLOGO 4
1014907;REGULADOR DE VACIO;AMVEX;VR-C2UD-CMD;VRA09017IJ;CLASE IIA;2008DM-0003034;Medellín;B3;P5;;CIRUGÍA;IPS;LINDE;27/01/2011;ADQUISICION;ING. IPS;TECNOLOGO 4
1014902;REGULADOR DE VACIO;AMVEX;VR-C2UD-CMD;VRA09033IJ;CLASE IIA;2008DM-0003034;Medellín;B3;P5;;CIRUGÍA;IPS;LINDE;27/01/2011;ADQUISICION;ING. IPS;TECNOLOGO 4
1014909;REGULADOR DE VACIO;AMVEX;VR-C2UD-CMD;VRA09020IJ;CLASE IIA;2008DM-0003034;Medellín;B3;P5;;CIRUGÍA;IPS;LINDE;27/01/2011;ADQUISICION;ING. IPS;TECNOLOGO 4
1014908;REGULADOR DE VACIO;AMVEX;VR-C2UD-CMD;VRA09019IJ;CLASE IIA;2008DM-0003034;Medellín;B3;P5;;CIRUGÍA;IPS;LINDE;27/01/2011;ADQUISICION;ING. IPS;TECNOLOGO 4
1014904;REGULADOR DE VACIO;AMVEX;VR-C2UD-CMD;VRA09012IJ;CLASE IIA;2008DM-0003034;Medellín;B3;P5;;CIRUGÍA;IPS;LINDE;27/01/2011;ADQUISICION;ING. IPS;TECNOLOGO 4
1014905;REGULADOR DE VACIO;AMVEX;VR-C2UD-CMD;VRA09013IJ;CLASE IIA;2008DM-0003034;Medellín;B3;P5;;CIRUGÍA;IPS;LINDE;27/01/2011;ADQUISICION;ING. IPS;TECNOLOGO 4
1014905;REGULADOR DE VACIO;AMVEX;VR-C2UD-CMD;VRA09013IJ;CLASE IIA;2008DM-0003034;Medellín;B3;P5;;CIRUGÍA;IPS;LINDE;27/01/2011;ADQUISICION;ING. IPS;TECNOLOGO 4
1014911;REGULADOR DE VACIO;AMVEX;VR-C2UD-CMD;VRA09023IJ;CLASE IIA;2008DM-0003034;Medellín;B3;P5;;CIRUGÍA;IPS;LINDE;27/01/2011;ADQUISICION;ING. IPS;TECNOLOGO 4
1014910;REGULADOR DE VACIO;AMVEX;VR-C2UD-CMD;VRA09022IJ;CLASE IIA;2008DM-0003034;Medellín;B3;P5;;CIRUGÍA;IPS;LINDE;27/01/2011;ADQUISICION;ING. IPS;TECNOLOGO 4
1022139;MONITOR DE SIGNOS VITALES;MINDRAY;PM-7000;CE-0B126255;CLASE IIB;2009EBC-0003486;Medellín;B3;P5;;CIRUGÍA;IPS;HOSPIMEDICS CORP;24/12/2010;LEASING;ING. IPS;TECNOLOGO 4
BAN033;MONITOR DE SIGNOS VITALES;MINDRAY;PM-7000;CE-0B126250;CLASE IIB;2009EBC-0003486;Alterna;BA;P1;;CIRUGÍA;IPS;HOSPIMEDICS CORP;24/12/2010;LEASING;ING. IPS;TECNOLOGO 6
NT;BOMBA DE INFUSION;HOSPIRA;PLUM A+;18438448;CLASE IIB;2019EBC-0001789-R1;Medellín;B3;P5;;CIRUGÍA;ICUMEDICAL;HOSPIRA;9/11/2010;COMODATO;ING. IPS;ICU MEDICAL
NT;ANALIZADOR DE GASES ARTERIALES;ABBOTT;I-STAT;339231;CLASE IIA;2009DM-0004378;Medellín;B3;P5;;CIRUGÍA;ABBOTT;ARROW MEDICAL;20/09/2010;COMODATO;ING. IPS;ARROW MEDICAL S.A.
1013446;BALANZA DIGITAL;FR;FR3000G;NT;CLASE I;ACTA Nº 7 2009 - ACTA N° 3 2013;Alterna;BA;P1;;CIRUGÍA;IPS;NT;8/09/2010;ADQUISICION;ING. IPS;TECNOLOGO 6
1014706;SISTEMA DE CALENTAMIENTO DE PACIENTE;NELLCOR;WARMTOUCH;CI0210J206;CLASE IIA;2006DM-0000253;Medellín;B3;P5;;CIRUGÍA;IPS;COVIDIEN;20/08/2010;ADQUISICION;ING. IPS;TECNOLOGO 4
1014708;SISTEMA DE CALENTAMIENTO DE PACIENTE;NELLCOR;WARMTOUCH;CI0210J246;CLASE IIA;2006DM-0000253;Alterna;BA;P1;;CIRUGÍA;IPS;COVIDIEN;20/08/2010;ADQUISICION;ING. IPS;TECNOLOGO 6
1014709;SISTEMA DE CALENTAMIENTO DE PACIENTE;NELLCOR;WARMTOUCH;CI1209J292;CLASE IIA;2006DM-0000253;Medellín;B3;P5;;CIRUGÍA;IPS;COVIDIEN;20/08/2010;ADQUISICION;ING. IPS;TECNOLOGO 4
1014691;FOTOFORO;WELCH ALLYN;49020;10040004;CLASE I;ACTA Nº 7 2009;Medellín;B3;P5;;CIRUGÍA;IPS;AT MEDICAS;17/08/2010;ADQUISICION;ING. IPS;TECNOLOGO 4
1007122;ELECTROBISTURI;VALLEYLAB;FORCE FX;F7F54781A;CLASE IIB;2007EBC-0000505;Medellín;B3;P5;;CIRUGÍA;IPS;COHAN;13/08/2010;LEASING;ING. IPS;TECNOLOGO 4
NT;MOTOR QUIRURGICO;AESCULAP;ELAN-E;4319;CLASE I;2008DM-0002858;Medellín;B3;P5;;CIRUGÍA;IPS;BBRAUN;11/08/2010;ADQUISICION;ING. IPS;TECNOLOGO 4
NT;FONENDOSCOPIO ADULTO;WELCH ALLYN;NT;NT;CLASE I;2007DM-0001322;Medellín;B3;P5;;CIRUGÍA;IPS;NT;13/06/2010;ADQUISICION;ING. IPS;TECNOLOGO 4
1014260;DETECTOR FETAL;HUNTLEIGH;D920;900LX0A05988-05;CLASE IIA;2008DM-0002974;Medellín;B3;P5;;CIRUGÍA;IPS;AT MEDICAS;4/06/2010;ADQUISICION;ING. IPS;TECNOLOGO 4
NT;FONENDOSCOPIO ADULTO;WELCH ALLYN;NT;NT;CLASE I;2007DM-0001322;Medellín;B3;P5;;CIRUGÍA;IPS;NT;27/05/2010;ADQUISICION;ING. IPS;TECNOLOGO 4
NT;FONENDOSCOPIO ADULTO;LITTMANN;CLASSIC II;NT;CLASE I;2016DM-0014924;Alterna;BA;P1;;CIRUGÍA;IPS;NT;24/05/2010;ADQUISICION;ING. IPS;TECNOLOGO 6
NT;FONENDOSCOPIO ADULTO;LITTMANN;CLASSIC II;NT;CLASE I;2016DM-0014924;Alterna;BA;P1;;CIRUGÍA;IPS;NT;24/05/2010;ADQUISICION;ING. IPS;TECNOLOGO 6
NT;SISTEMA DE CALENTAMIENTO DE PACIENTE;NELLCOR;WARMTOUCH;CI0107J991;CLASE IIA;2006DM-0000253;Medellín;B3;P5;;CIRUGÍA;IPS;COVIDIEN;21/05/2010;ADQUISICION;ING. IPS;TECNOLOGO 4
NT;BOMBA DE INFUSION;HOSPIRA;PLUM A+;75241474;CLASE IIB;2019EBC-0001789-R1;Medellín;B3;P5;;CIRUGÍA;ICUMEDICAL;HOSPIRA;20/05/2010;COMODATO;ING. IPS;ICU MEDICAL
1022411;LARINGOSCOPIO;WELCH ALLYN;60300;NT;CLASE I;2008DM-0001919;Medellín;B3;P5;;CIRUGÍA;IPS;AT MEDICAS;20/05/2010;ADQUISICION;ING. IPS;TECNOLOGO 4
1014392;BOMBA EXTRACORPOREA;MEDTRONIC;PERFORMER CPB;211;CLASE IIA;2009EBC-0003990;Medellín;B3;P5;;CIRUGÍA;IPS;MEDTRONIC;11/05/2010;ADQUISICION;ING. IPS;MEDTRONIC
L02688;FLUJOMETRO;AMVEX;NT;FMAO06900BG;CLASE I;2008DM-0003031;Medellín;B3;P5;;CIRUGÍA;IPS;NT;6/05/2010;ADQUISICION;ING. IPS;TECNOLOGO 4
L02687;FLUJOMETRO;AMVEX;NT;FMAO06910BG;CLASE I;2008DM-0003031;Medellín;B3;P5;;CIRUGÍA;IPS;NT;6/05/2010;ADQUISICION;ING. IPS;TECNOLOGO 4
L02574;FLUJOMETRO;PRECISION MEDICAL;NT;NT;CLASE I;2009DM-0004934;Medellín;B3;P5;;CIRUGÍA;IPS;NT;6/05/2010;ADQUISICION;ING. IPS;TECNOLOGO 4
L02577;FLUJOMETRO;PRECISION MEDICAL;NT;NT;CLASE I;2009DM-0004934;Medellín;B3;P5;;CIRUGÍA;IPS;NT;6/05/2010;ADQUISICION;ING. IPS;TECNOLOGO 4
L02578;FLUJOMETRO;PRECISION MEDICAL;NT;NT;CLASE I;2009DM-0004934;Medellín;B3;P5;;CIRUGÍA;IPS;NT;6/05/2010;ADQUISICION;ING. IPS;TECNOLOGO 4
1022421;ELECTROBISTURI;VALLEYLAB;FORCE FX;F7F54687A;CLASE IIB;2007EBC-0000505;Medellín;B3;P5;;CIRUGÍA;IPS;COHAN;24/04/2010;LEASING;ING. IPS;TECNOLOGO 4
NT;FLUJOMETRO;AMVEX;NT;"FMA026302BG
FMA024109IF";CLASE I;2008DM-0003031;Medellín;B3;P5;;CIRUGÍA;IPS;NT;14/04/2010;ADQUISICION;ING. IPS;TECNOLOGO 4
1014234;FOTOFORO;WELCH ALLYN;SOLARC LIGHT;NT;CLASE I;ACTA Nº 7 2009;Medellín;B3;P5;;CIRUGÍA;IPS;AT MEDICAS;13/04/2010;ADQUISICION;ING. IPS;TECNOLOGO 4
2000602;ELECTROBISTURI;VALLEYLAB;FORCE FX;F8F6569A;CLASE IIB;2007EBC-0000505;Medellín;B3;P5;;CIRUGÍA;IPS;COHAN;13/04/2010;LEASING;ING. IPS;TECNOLOGO 4
1014233;FOTOFORO;WELCH ALLYN;SOLARC LIGHT;NT;CLASE I;ACTA Nº 7 2009;Medellín;B3;P5;;CIRUGÍA;IPS;AT MEDICAS;13/04/2010;ADQUISICION;ING. IPS;TECNOLOGO 4
NT;BOMBA DE INFUSION;HOSPIRA;PLUM A+;75240044;CLASE IIB;2019EBC-0001789-R1;Medellín;B3;P5;;CIRUGÍA;ICUMEDICAL;HOSPIRA;11/03/2010;COMODATO;ING. IPS;ICU MEDICAL
NT;BOMBA DE INFUSION;HOSPIRA;PLUM A+;75242310;CLASE IIB;2019EBC-0001789-R1;Medellín;B3;P5;;CIRUGÍA;ICUMEDICAL;HOSPIRA;7/03/2010;COMODATO;ING. IPS;ICU MEDICAL
NT;BOMBA DE INFUSION;HOSPIRA;PLUM A+;75240350;CLASE IIB;2019EBC-0001789-R1;Medellín;B3;P5;;CIRUGÍA;ICUMEDICAL;HOSPIRA;7/03/2010;COMODATO;ING. IPS;ICU MEDICAL
NT;FLUJOMETRO;AMVEX;FM15UOF2;NT;CLASE I;2008DM-0003031;Medellín;B3;P5;;CIRUGÍA;IPS;NT;23/01/2010;ADQUISICION;ING. IPS;TECNOLOGO 4
NT;FLUJOMETRO;AMVEX;FM15UOF2;FM15;CLASE I;2008DM-0003031;Medellín;B3;P5;;CIRUGÍA;IPS;NT;23/01/2010;ADQUISICION;ING. IPS;TECNOLOGO 4
NT;FONENDOSCOPIO ADULTO;WELCH ALLYN;NT;NT;CLASE IIA;2007DM-0001322;Medellín;B3;P5;;CIRUGÍA;IPS;AT MEDICAS;14/01/2010;ADQUISICION;ING. IPS;TECNOLOGO 4
NT;LARINGOSCOPIO;WELCH ALLYN;60813;NT;CLASE I;2008DM-0001919;Alterna;BA;P1;;CIRUGÍA;IPS;AT MEDICAS;2/12/2009;ADQUISICION;ING. IPS;TECNOLOGO 6
1018737;LARINGOSCOPIO;WELCH ALLYN;60813;NT;CLASE I;2008DM-0001919;Alterna;BA;P1;;CIRUGÍA;IPS;AT MEDICAS;2/12/2009;ADQUISICION;ING. IPS;TECNOLOGO 6
NT;LARINGOSCOPIO;WELCH ALLYN;60813;NT;CLASE I;2008DM-0001919;Alterna;BA;P1;;CIRUGÍA;IPS;AT MEDICAS;2/12/2009;ADQUISICION;ING. IPS;TECNOLOGO 6
NT;FONENDOSCOPIO ADULTO;LITTMANN;CLASSIC II;NT;CLASE I;2016DM-0014924;Alterna;BA;P1;;CIRUGÍA;IPS;NT;1/12/2009;ADQUISICION;ING. IPS;TECNOLOGO 6
NT;BOMBA DE INFUSION;HOSPIRA;PLUM A+;75244972;CLASE IIB;2019EBC-0001789-R1;Medellín;B3;P5;;CIRUGÍA;ICUMEDICAL;HOSPIRA;17/11/2009;COMODATO;ING. IPS;ICU MEDICAL
NT;BOMBA DE INFUSION;HOSPIRA;PLUM A+;75245010;CLASE IIB;2019EBC-0001789-R1;Medellín;B3;P5;;CIRUGÍA;ICUMEDICAL;HOSPIRA;17/11/2009;COMODATO;ING. IPS;ICU MEDICAL
NT;BOMBA DE INFUSION;HOSPIRA;PLUM A+;75243849;CLASE IIB;2019EBC-0001789-R1;Medellín;B3;P5;;CIRUGÍA;ICUMEDICAL;HOSPIRA;11/10/2009;COMODATO;ING. IPS;ICU MEDICAL
FLU04;FLUJOMETRO;AMVEX;501-5300A;NT;CLASE I;2008DM-0003031;Alterna;BA;P1;;CIRUGÍA;IPS;NT;9/10/2009;ADQUISICION;ING. IPS;TECNOLOGO 6
FLU03;FLUJOMETRO;AIR IMETAN;FM-100;NT;CLASE I;2009DM-0003366;Alterna;BA;P1;;CIRUGÍA;IPS;NT;9/10/2009;ADQUISICION;ING. IPS;TECNOLOGO 6
FLU05;FLUJOMETRO;AIR IMETAN;FM-100;NT;CLASE I;2009DM-0003366;Alterna;BA;P1;;CIRUGÍA;IPS;NT;9/10/2009;ADQUISICION;ING. IPS;TECNOLOGO 6
L.00867;LARINGOSCOPIO;WELCH ALLYN;60813;NT;CLASE I;2008DM-0001919;Medellín;B3;P5;;CIRUGÍA;IPS;AT MEDICAS;28/09/2009;ADQUISICION;ING. IPS;TECNOLOGO 4
1000715;MONITOR DE SIGNOS VITALES;MINDRAY;MEC-1200;CC6C-1491;CLASE IIB;2009EBC-0003486;Alterna;BA;P1;;CIRUGÍA;IPS;COHAN;23/09/2009;ADQUISICION;ING. IPS;TECNOLOGO 6
1000717;MONITOR DE SIGNOS VITALES;MINDRAY;MEC-1200;CC6C-1493;CLASE IIB;2009EBC-0003486;Alterna;BA;P1;;CIRUGÍA;IPS;COHAN;23/09/2009;ADQUISICION;ING. IPS;TECNOLOGO 6
1000741;MONITOR DE SIGNOS VITALES;MINDRAY;MEC-1200;CC6C-1489;CLASE IIB;2009EBC-0003486;Alterna;BA;P1;;CIRUGÍA;IPS;COHAN;23/09/2009;ADQUISICION;ING. IPS;TECNOLOGO 6
1000716;MONITOR DE SIGNOS VITALES;MINDRAY;MEC-1200;CC6C-1490;CLASE IIB;2009EBC-0003486;Alterna;BA;P1;;CIRUGÍA;IPS;COHAN;23/09/2009;ADQUISICION;ING. IPS;TECNOLOGO 6
1000718;MONITOR DE SIGNOS VITALES;MINDRAY;MEC-1200;CC6C-1486;CLASE IIB;2009EBC-0003486;Alterna;BA;P1;;CIRUGÍA;IPS;COHAN;23/09/2009;ADQUISICION;ING. IPS;TECNOLOGO 6
FLU01;FLUJOMETRO;AMVEX;NT;NT;CLASE I;2008DM-0003031;Alterna;BA;P1;;CIRUGÍA;IPS;NT;23/09/2009;ADQUISICION;ING. IPS;TECNOLOGO 6
NT;FONENDOSCOPIO ADULTO;WELCH ALLYN;NT;NT;CLASE I;2007DM-0001322;Medellín;B3;P5;;CIRUGÍA;IPS;NT;18/09/2009;ADQUISICION;ING. IPS;TECNOLOGO 4
1008310;MONITOR DE SIGNOS VITALES;MINDRAY;BENEVIEW T5;CM-94106653;CLASE IIB;2009EBC-0003486;Medellín;B3;P5;;CIRUGÍA;IPS;COHAN;17/09/2009;LEASING;ING. IPS;TECNOLOGO 4
1008305;MONITOR DE SIGNOS VITALES;MINDRAY;BENEVIEW T5;CM-94106656;CLASE IIB;2009EBC-0003486;Medellín;B3;P5;;CIRUGÍA;IPS;COHAN;17/09/2009;LEASING;ING. IPS;TECNOLOGO 4
1008304;MAQUINA DE ANESTESIA;DATEX OHMEDA;AESPIRE 7900;ANCN00144;CLASE IIB;2008EBC-0001418;Medellín;B3;P5;;CIRUGÍA;IPS;COHAN;1/09/2009;LEASING;ING. IPS;TECNOLOGO 4
1008300;MAQUINA DE ANESTESIA;DATEX OHMEDA;AESPIRE 7900;ANCN00363;CLASE IIB;2008EBC-0001418;Medellín;B3;P5;;CIRUGÍA;IPS;COHAN;1/09/2009;LEASING;ING. IPS;TECNOLOGO 4
1007120;ELECTROBISTURI;VALLEYLAB;FORCE FX;F7F54691A;CLASE IIB;2007EBC-0000505;Medellín;B3;P5;;CIRUGÍA;IPS;COHAN;12/08/2009;LEASING;ING. IPS;TECNOLOGO 4
NT;ELECTROCARDIOGRAFO;FUKUDA DENSHI;CARDIMAX FX-7102;14022614;CLASE IIB;2008DM-0002976;Medellín;B3;P5;;CIRUGÍA;IPS;QUIRURGIL;11/08/2009;ADQUISICION;ING. IPS;TECNOLOGO 4
1008138;MONITOR DE SIGNOS VITALES;MINDRAY;BENEVIEW T5;CM-94106650;CLASE IIB;2009EBC-0003486;Medellín;B3;P5;;CIRUGÍA;IPS;COHAN;10/08/2009;LEASING;ING. IPS;TECNOLOGO 4
FLU290;FLUJOMETRO;AMVEX;FM15UOF2;FMAO05903KG;CLASE I;2008DM-0003031;Medellín;B3;P5;;CIRUGÍA;IPS;ABC INGENIERIA;7/08/2009;ADQUISICION;ING. IPS;TECNOLOGO 4
10114393;TERMOHIGROMETRO;BOECO;BOE330;NT;CLASE I;ACTA No 3 (ABRIL 10 DE 2013) NR REGISTRO INVIMA;Medellín;B3;P5;;CIRUGÍA;IPS;MEDIFE LTDA;6/08/2009;APOYO TECNOLOGICO;ING. IPS;TECNOLOGO 4
1008287;MONITOR DE SIGNOS VITALES;MINDRAY;BENEVIEW T5;CM-94106648;CLASE IIB;2009EBC-0003486;Medellín;B3;P5;;CIRUGÍA;IPS;COHAN;16/07/2009;LEASING;ING. IPS;TECNOLOGO 4
COH303;MONITOR DE SIGNOS VITALES;MINDRAY;BENEVIEW T5;CM-94106662;CLASE IIB;2009EBC-0003486;Alterna;BA;P1;;CIRUGÍA;IPS;COHAN;13/07/2009;LEASING;ING. IPS;TECNOLOGO 6
1008302;MONITOR DE SIGNOS VITALES;MINDRAY;BENEVIEW T5;CM-94106657;CLASE IIB;2009EBC-0003486;Medellín;B3;P5;;CIRUGÍA;IPS;COHAN;13/07/2009;LEASING;ING. IPS;TECNOLOGO 4
COH307;MONITOR DE SIGNOS VITALES;MINDRAY;BENEVIEW T5;CM-94106658;CLASE IIB;2009EBC-0003486;Alterna;BA;P1;;CIRUGÍA;IPS;COHAN;13/07/2009;LEASING;ING. IPS;TECNOLOGO 6
1014301;MAQUINA DE AUTOTRANSFUSION;MEDTRONIC;AUTOLOG;ATLG012247;CLASE IIB;2008EBC-0001828;Medellín;B3;P5;;CIRUGÍA;IPS;MEDTRONIC;1/05/2009;ADQUISICION;ING. IPS;TECNOLOGO 4
1014262;DERMATOMO;AESCULAP;GA643;2103;CLASE IIA;2008DM-0002858;Medellín;B3;P5;;CIRUGÍA;IPS;BBRAUN;25/03/2009;ADQUISICION;ING. IPS;TECNOLOGO 4
1014259;CONSOLA DE CONTRAPULSACION;DATASCOPE;CS100;SA04826-L5;CLASE IIB;2007DM-0000973;Medellín;B3;P5;;CIRUGÍA;IPS;GBARCO;11/03/2009;ADQUISICION;ING. IPS;G.BARCO
1020836;MONITOR DE SIGNOS VITALES;MINDRAY;PM-7000;CE-8C110654;CLASE IIB;2009EBC-0003486;Medellín;B3;P5;;CIRUGÍA;IPS;COHAN;9/03/2009;LEASING;ING. IPS;TECNOLOGO 4
1014251;SISTEMA DE CALENTAMIENTO DE PACIENTE;NELLCOR;WARMTOUCH;CI1106K266;CLASE IIA;2006DM-0000253;PRADO;BA;P1;;CIRUGÍA;IPS;COMEDICA;30/01/2009;ADQUISICION;ING. IPS;TECNOLOGO 6
NT;INFUSOR DE LIPO;QUIRURCOL;NT;NT;CLASE IIB;INGRESO ANTES DE ACTA N° 07 JUNIO 2009;Alterna;BA;P1;;CIRUGÍA;IPS;QUIRURCOL;14/01/2009;ADQUISICION;ING. IPS;TECNOLOGO 6
1008295;MONITOR DE SIGNOS VITALES;MINDRAY;PM-7000;CE-8C110635;CLASE IIB;2009EBC-0003486;Medellín;B3;P5;;CIRUGÍA;IPS;COHAN;30/12/2008;LEASING;ING. IPS;TECNOLOGO 4
1008293;MONITOR DE SIGNOS VITALES;MINDRAY;PM-7000;CE-8C110632;CLASE IIB;2009EBC-0003486;Medellín;B3;P5;;CIRUGÍA;IPS;COHAN;30/12/2008;LEASING;ING. IPS;TECNOLOGO 4
1018612;MONITOR DE SIGNOS VITALES;MINDRAY;PM-7000;CE-8C110655;CLASE IIB;2009EBC-0003486;Alterna;BA;P1;;CIRUGÍA;IPS;COHAN;30/12/2008;LEASING;ING. IPS;TECNOLOGO 6
1008291;MONITOR DE SIGNOS VITALES;MINDRAY;BENEVIEW T5;CM-8C104987;CLASE IIB;2009EBC-0003486;Medellín;B3;P5;;CIRUGÍA;IPS;COHAN;30/12/2008;LEASING;ING. IPS;TECNOLOGO 4
COH184;MONITOR DE SIGNOS VITALES;MINDRAY;BENEVIEW T5;CM-8C104986;CLASE IIB;2009EBC-0003486;Alterna;BA;P1;;CIRUGÍA;IPS;COHAN;30/12/2008;LEASING;ING. IPS;TECNOLOGO 6
1007673;MONITOR DE SIGNOS VITALES;MINDRAY;PM-7000;CE-8C110661;CLASE IIB;2009EBC-0003486;Medellín;B3;P5;;CIRUGÍA;IPS;COHAN;30/12/2008;LEASING;ING. IPS;TECNOLOGO 4
1008273;MONITOR DE SIGNOS VITALES;MINDRAY;BENEVIEW T5;CM-8C104990;CLASE IIB;2009EBC-0003486;Medellín;B3;P5;;CIRUGÍA;IPS;COHAN;30/12/2008;LEASING;ING. IPS;TECNOLOGO 4
NT;FONENDOSCOPIO ADULTO;WELCH ALLYN;NT;NT;CLASE I;2007DM-0001322;Medellín;B3;P5;;CIRUGÍA;IPS;NT;24/12/2008;ADQUISICION;ING. IPS;TECNOLOGO 4
NT;INTENSIFICADOR DE IMÁGENES;GENERAL ELECTRIC;OEC 9900 ELITE;E2-7650-MH- 4099852;CLASE IIA;2009EBC-0003260;Medellín;B3;P5;;CIRUGÍA;PRODIAGNOSTICO;GEMEDCO;24/12/2008;APOYO TECNOLOGICO;PRODIAGNOSTICO;INTECBIO
FLU02;FLUJOMETRO;AMICO;NT;NT;CLASE I;INGRESO ANTES DE ACTA N° 07 JUNIO 2009;Alterna;BA;P1;;CIRUGÍA;IPS;NT;11/12/2008;ADQUISICION;ING. IPS;TECNOLOGO 6
1008137;MAQUINA DE ANESTESIA;DATEX OHMEDA;AESPIRE 7900;ANCL01357;CLASE IIB;2008EBC-0001418;Alterna;BA;P1;;CIRUGÍA;IPS;COHAN;2/12/2008;LEASING;ING. IPS;TECNOLOGO 6
1008297;MAQUINA DE ANESTESIA;DATEX OHMEDA;AESPIRE 7900;ANCM00721;CLASE IIB;2008EBC-0001418;Medellín;B3;P5;;CIRUGÍA;IPS;COHAN;2/12/2008;LEASING;ING. IPS;TECNOLOGO 4
1008301;MAQUINA DE ANESTESIA;DATEX OHMEDA;AESPIRE 7900;ANCM00722;CLASE IIB;2008EBC-0001418;Medellín;B3;P5;;CIRUGÍA;IPS;COHAN;2/12/2008;LEASING;ING. IPS;TECNOLOGO 4
1014046;ASPIRADOR PORTATIL;THOMAS;1630;60800005024;CLASE IIA;2016DM-0015608;Medellín;B3;P5;;CIRUGÍA;IPS;NT;27/10/2008;ADQUISICION;ING. IPS;TECNICO 1
NT;FLUJOMETRO;GENTEC;FM197B-15L-CH;NT;CLASE IIA;2013DM-0010627;Medellín;B3;P5;;CIRUGÍA;IPS;EQUISONES;29/09/2008;ADQUISICION;ING. IPS;TECNOLOGO 4
1009061;MONITOR DE SIGNOS VITALES;MINDRAY;PM-7000;CE-88108116;CLASE IIB;2009EBC-0003486;Medellín;B3;P5;;CIRUGÍA;IPS;COHAN;22/09/2008;LEASING;ING. IPS;TECNOLOGO 4
1008060;MONITOR DE SIGNOS VITALES;MINDRAY;PM-7000;CE-88108110;CLASE IIB;2009EBC-0003486;Medellín;B3;P5;;CIRUGÍA;IPS;COHAN;22/09/2008;LEASING;ING. IPS;TECNOLOGO 4
1008065;MONITOR DE SIGNOS VITALES;MINDRAY;PM-7000;CE-88108112;CLASE IIB;2009EBC-0003486;Medellín;B3;P5;;CIRUGÍA;IPS;COHAN;22/09/2008;LEASING;ING. IPS;TECNOLOGO 4
1008062;MONITOR DE SIGNOS VITALES;MINDRAY;PM-7000;CE-88108115;CLASE IIB;2009EBC-0003486;Medellín;B3;P5;;CIRUGÍA;IPS;COHAN;22/09/2008;LEASING;ING. IPS;TECNOLOGO 4
1008053;MONITOR DE SIGNOS VITALES;MINDRAY;PM-7000;CE-88108109;CLASE IIB;2009EBC-0003486;Medellín;B3;P5;;CIRUGÍA;IPS;COHAN;22/09/2008;LEASING;ING. IPS;TECNOLOGO 4
1008063;MONITOR DE SIGNOS VITALES;MINDRAY;PM-7000;CE-88108113;CLASE IIB;2009EBC-0003486;Medellín;B3;P5;;CIRUGÍA;IPS;COHAN;22/09/2008;LEASING;ING. IPS;TECNOLOGO 4
1008064;MONITOR DE SIGNOS VITALES;MINDRAY;PM-7000;CE-88108111;CLASE IIB;2009EBC-0003486;Medellín;B3;P5;;CIRUGÍA;IPS;COHAN;22/09/2008;LEASING;ING. IPS;TECNOLOGO 4
1008229;MONITOR DE SIGNOS VITALES;MINDRAY;PM-7000;CE-8A109748;CLASE IIB;2009EBC-0003486;Medellín;B3;P5;;CIRUGÍA;IPS;COHAN;18/09/2008;LEASING;ING. IPS;TECNOLOGO 4
1008308;MONITOR DE SIGNOS VITALES;MINDRAY;PM-7000;CE-8C110639;CLASE IIB;2009EBC-0003486;Medellín;B3;P5;;CIRUGÍA;IPS;COHAN;18/09/2008;LEASING;ING. IPS;TECNOLOGO 4
2000548;ELECTROBISTURI;VALLEYLAB;FORCE FX;CF1F18007A;CLASE IIB;2007EBC-0000505;Alterna;BA;P1;;CIRUGÍA;UDEA;RECIBIDO A UDEA;18/09/2008;COMODATO;ING. IPS;TECNOLOGO 6
1018911;DESFIBRILADOR;ZOLL;MSERIES;T080101365;CLASE IIB;2010EBC-0006350;Medellín;B3;P5;;CIRUGÍA;IPS;COHAN;18/09/2008;LEASING;ING. IPS;TECNOLOGO 4
1008071;MICROSCOPIO QUIRURGICO;CARL ZEISS;OPMI LUMERA;"6115141162
6720502386
302608-9020-000";CLASE IIA;ACTA Nº 7 2009 - REQUIERE INVIMA A PARTIR DEL 14-05-2014 SEGÚN ACTA N° 4 2014;Alterna;BA;P1;;CIRUGÍA;IPS;COHAN;6/09/2008;LEASING;ING. IPS;JUAN JAIMES
COH261;INTENSIFICADOR DE IMÁGENES;SIEMENS;SIREMOBIL COMPACT;4687;CLASE IIA;2008EBC-0002441;Medellín;B3;P5;;CIRUGÍA;IPS;COHAN;3/09/2008;LEASING;ING. IPS;DISTRISERVICES X-RAY
COH115;ELECTROBISTURI;VALLEYLAB;FORCE FX;F7J57072A;CLASE IIB;2007EBC-0000505;Medellín;B3;P5;;CIRUGÍA;IPS;COHAN;2/09/2008;LEASING;ING. IPS;TECNOLOGO 4
COH112;ELECTROBISTURI;VALLEYLAB;FORCE FX;F7J57071A;CLASE IIB;2007EBC-0000505;Medellín;B3;P5;;CIRUGÍA;IPS;COHAN;2/09/2008;LEASING;ING. IPS;TECNOLOGO 4
COH114;ELECTROBISTURI;VALLEYLAB;FORCE FX;F7J57231A;CLASE IIB;2007EBC-0000505;Medellín;B3;P5;;CIRUGÍA;IPS;COHAN;2/09/2008;LEASING;ING. IPS;TECNOLOGO 4
1008306;ELECTROBISTURI;VALLEYLAB;FORCE FX;F7J57233A;CLASE IIB;2007EBC-0000505;Medellín;B3;P5;;CIRUGÍA;IPS;COHAN;2/09/2008;LEASING;ING. IPS;TECNOLOGO 4
LR 50151C;MOTOR QUIRURGICO;AESCULAP;ELAN-E;3858;CLASE I;2008DM-0002858;Medellín;B3;P5;;CIRUGÍA;IPS;BBRAUN;27/08/2008;ADQUISICION;ING. IPS;TECNOLOGO 4
1022158;MAQUINA DE ANESTESIA;DATEX OHMEDA;AESPIRE 7900;ANCL01426;CLASE IIB;2008EBC-0001418;Medellín;B3;P5;;CIRUGÍA;IPS;COHAN;21/08/2008;LEASING;ING. IPS;TECNOLOGO 4
1014011;MONITOR BIS;ASPECT;VISTA;VT07071;CLASE IIB;2009DM-0003958;Medellín;B3;P5;;CIRUGÍA;IPS;QUIRURGIL;1/08/2008;ADQUISICION;ING. IPS;TECNOLOGO 4
1008069;MONITOR DE SIGNOS VITALES;MINDRAY;PM-7000;CE85106567;CLASE IIB;2009EBC-0003486;Medellín;B3;P5;;CIRUGÍA;IPS;COHAN;9/07/2008;LEASING;ING. IPS;TECNOLOGO 4
1007222;MONITOR DE SIGNOS VITALES;MINDRAY;PM-7000;CE-85106570;CLASE IIB;2009EBC-0003486;Medellín;B3;P5;;CIRUGÍA;IPS;COHAN;23/06/2008;LEASING;ING. IPS;TECNOLOGO 4
1007217;MONITOR DE SIGNOS VITALES;MINDRAY;PM-7000;CE-85106564;CLASE IIB;2009EBC-0003486;Medellín;B3;P5;;CIRUGÍA;IPS;COHAN;23/06/2008;LEASING;ING. IPS;TECNOLOGO 4
L.00872;LARINGOSCOPIO;WELCH ALLYN;60300;NT;CLASE I;2008DM-0001919;Medellín;B3;P5;;CIRUGÍA;IPS;AT MEDICAS;13/06/2008;ADQUISICION;ING. IPS;TECNOLOGO 4
COH091;DESFIBRILADOR;ZOLL;MSERIES;TO8C100805;CLASE IIB;2010EBC-0006350;Medellín;B3;P5;;CIRUGÍA;IPS;COHAN;10/05/2008;LEASING;ING. IPS;TECNOLOGO 4
1007109;MONITOR DE SIGNOS VITALES;MINDRAY;PM-7000;CE-82103909;CLASE IIB;2009EBC-0003486;Medellín;B3;P5;;CIRUGÍA;IPS;COHAN;22/04/2008;LEASING;ING. IPS;TECNOLOGO 4
1007108;MONITOR DE SIGNOS VITALES;MINDRAY;PM-7000;CE-82103903;CLASE IIB;2009EBC-0003486;Medellín;B3;P5;;CIRUGÍA;IPS;COHAN;9/04/2008;LEASING;ING. IPS;TECNOLOGO 4
"102801
1000721";SISTEMA DE CALENTAMIENTO DE PACIENTE;NELLCOR;WARMTOUCH;CI1206J184;CLASE IIA;2006DM-0000253;Alterna;BA;P1;;CIRUGÍA;IPS;COMEDICA;1/04/2008;ADQUISICION;ING. IPS;TECNOLOGO 6
2000812;MESA DE CIRUGÍA;CASTLE;1900E;RM9303006;CLASE I;INGRESO ANTES DE ACTA N° 07 JUNIO 2009;Medellín;B3;P5;;CIRUGÍA;UDEA;RECIBIDO A UDEA;28/03/2008;COMODATO;ING. IPS;TECNOLOGO 4
1007110;MONITOR DE SIGNOS VITALES;MINDRAY;PM-7000;CE-82103908;CLASE IIB;2009EBC-0003486;Medellín;B3;P5;;CIRUGÍA;IPS;COHAN;28/03/2008;LEASING;ING. IPS;TECNOLOGO 4
1014113;MICROSCOPIO QUIRURGICO;CARL ZEISS;OPMIVARIO;"6629504294
1026-700";CLASE IIA;2007DM-0001346;Medellín;B3;P5;;CIRUGÍA;IPS;KAIKA;27/02/2008;ADQUISICION;ING. IPS;JUAN JAIMES
1007114;MONITOR DE SIGNOS VITALES;MINDRAY;PM-9000;W7B101658;CLASE IIB;2009EBC-0003486;Medellín;B3;P5;;CIRUGÍA;IPS;COHAN;30/01/2008;LEASING;ING. IPS;TECNOLOGO 4
FLU01;FLUJOMETRO;AMVEX;NT;NT;CLASE I;2008DM-0003031;Alterna;BA;P1;;CIRUGÍA;IPS;COHAN;30/01/2008;ADQUISICION;ING. IPS;TECNOLOGO 6
COH028;MONITOR DE SIGNOS VITALES;MINDRAY;PM-9000;W-7B101646;CLASE IIB;2009EBC-0003486;Alterna;BA;P1;;CIRUGÍA;IPS;COHAN;30/01/2008;LEASING;ING. IPS;TECNOLOGO 6
1007117;MONITOR DE SIGNOS VITALES;MINDRAY;PM-9000;W75H6340AIO;CLASE IIB;2009EBC-0003486;Medellín;B3;P5;;CIRUGÍA;IPS;COHAN;21/01/2008;LEASING;ING. IPS;TECNOLOGO 4
1016523;LARINGOSCOPIO;WELCH ALLYN;60813;NT;CLASE I;2008DM-0001919;Medellín;B3;P5;;CIRUGÍA;IPS;AT MEDICAS;3/01/2008;ADQUISICION;ING. IPS;TECNOLOGO 4
2001395;ASPIRADOR PORTATIL;THOMAS;1240 SERIES;30300000952;CLASE IIA;2007DM-0001138;Alterna;BA;P1;;CIRUGÍA;UDEA;RECIBIDO A UDEA;1/01/2008;ADQUISICION;ING. IPS;TECNOLOGO 6
1008679;EQUIPO DE INFUSION;QUIRURCOL;NF-473;2011;CLASE IIA;INGRESO ANTES DE ACTA N° 07 JUNIO 2009;Medellín;B3;P5;;CIRUGÍA;IPS;QUIRURCOL;6/09/2007;ADQUISICION;ING. IPS;TECNOLOGO 4
1000684;MESA DE CIRUGÍA;AMSCO;2080;414783041;CLASE I;INGRESO ANTES DE ACTA N° 07 JUNIO 2009;Alterna;BA;P1;;CIRUGÍA;IPS;MEDICLINICOS;2/05/2007;ADQUISICION;ING. IPS;TECNOLOGO 6
1000750;LAMPARA PIELITICA;BURTON;OUT PATIENT II;OP11353;CLASE I;ACTA Nº 7 2009 - REQUIERE INVIMA A PARTIR DEL 14-05-2014 SEGÚN ACTA N° 4 2014;Alterna;BA;P1;;CIRUGÍA;IPS;MEDICLINICOS;2/05/2007;ADQUISICION;ING. IPS;TECNOLOGO 6
1007118;ELECTROBISTURI;VALLEYLAB;FORCE FX;F7F54546A;CLASE IIB;2007EBC-0000505;Medellín;B3;P5;;CIRUGÍA;IPS;COHAN;27/04/2007;LEASING;ING. IPS;TECNOLOGO 4
2001387;ELECTROBISTURI;VALLEYLAB;FORCE FX;F8F6575A;CLASE IIB;2007EBC-0000505;Medellín;B3;P5;;CIRUGÍA;IPS;COHAN;27/04/2007;LEASING;ING. IPS;TECNOLOGO 4
1001658;ELECTROBISTURI;MEDITOM;DT 300P;DT4AHI019;CLASE IIB;INGRESO ANTES DE ACTA N° 07 JUNIO 2009;Alterna;BA;P1;;CIRUGÍA;IPS;JOHNSON & JOHNSON;6/03/2007;ADQUISICION;ING. IPS;TECNOLOGO 6
1000674;ELECTROBISTURI;MEDITOM;DT 300P;DT3C0603014A;CLASE IIB;INGRESO ANTES DE ACTA N° 07 JUNIO 2009;Alterna;BA;P1;;CIRUGÍA;IPS;JOHNSON & JOHNSON;6/03/2007;ADQUISICION;ING. IPS;TECNOLOGO 6
1008678;LIPOSUCTOR;QUIRURCOL;NT;NT;CLASE IIB;INGRESO ANTES DE ACTA N° 07 JUNIO 2009;Medellín;B3;P5;;CIRUGÍA;IPS;QUIRURCOL;15/02/2007;ADQUISICION;ING. IPS;TECNOLOGO 4
2001421;ASPIRADOR PORTATIL;THOMAS;1240 SERIES;40300001013;CLASE IIA;2007DM-0001138;Alterna;BA;P1;;CIRUGÍA;UDEA;RECIBIDO A UDEA;15/02/2007;ADQUISICION;ING. IPS;TECNICO 1
2000584;MAQUINA DE ANESTESIA;DATEX OHMEDA;AESPIRE S/5;AMXG01114;CLASE IIB;2008EBC-0001418;Alterna;BA;P1;;CIRUGÍA;UDEA;RECIBIDO A UDEA;15/02/2007;COMODATO;ING. IPS;TECNOLOGO 6
2001384;MICROSCOPIO QUIRURGICO;CARL ZEISS;OPMI 1;163564;CLASE IIA;2007DM-0001346;Medellín;B3;P5;;CIRUGÍA;UDEA;KAIKA;15/02/2007;COMODATO;ING. IPS;JUAN JAIMES
2000592;ELECTROBISTURI;VALLEYLAB;FORCE FX;F8F6572A;CLASE IIB;2007EBC-0000505;Medellín;B3;P5;;CIRUGÍA;UDEA;RECIBIDO A UDEA;15/02/2007;COMODATO;ING. IPS;TECNOLOGO 4
2000593;ELECTROBISTURI;VALLEYLAB;FORCE ARGON II;8G4A1218U;CLASE IIB;2007EBC-0000505;Medellín;B3;P5;;CIRUGÍA;UDEA;RECIBIDO A UDEA;15/02/2007;COMODATO;ING. IPS;TECNOLOGO 4
2001392;ELECTROBISTURI;VALLEYLAB;FORCE FX;CF1F18008A;CLASE IIB;2007EBC-0000505;Medellín;B3;P5;;CIRUGÍA;UDEA;NT;15/02/2007;COMODATO;ING. IPS;TECNOLOGO 4
2000696;MESA DE CIRUGÍA;MURANAKA;EL-501;ESGA1058;CLASE I;INGRESO ANTES DE ACTA N° 07 JUNIO 2009;Medellín;B3;P5;;CIRUGÍA;UDEA;RECIBIDO A UDEA;15/02/2007;COMODATO;ING. IPS;TECNOLOGO 4
2000568;INTENSIFICADOR DE IMÁGENES;SIEMENS;SIREMOBIL 2000;1048;CLASE IIA;2008EBC-0002441;Medellín;B3;P5;;CIRUGÍA;UDEA;SIEMENS;15/02/2007;COMODATO;ING. IPS;DISTRISERVICES X-RAY
2000604;INTERCAMBIADOR DE CALOR;SARNS;11160;1168;CLASE I;INGRESO ANTES DE ACTA N° 07 JUNIO 2009;Medellín;B3;P5;;CIRUGÍA;UDEA;MEDTRONIC;15/02/2007;COMODATO;ING. IPS;TECNOLOGO 4
2010201;MARCAPASOS EXTERNO;MEDTRONIC;5348;PEP6594P;CLASE IIB;2007EBC-0001163;Medellín;B3;P5;;CIRUGÍA;UDEA;MEDTRONIC;15/02/2007;COMODATO;ING. IPS;TECNOLOGO 4
2000579;BASCULA CON TALLIMETRO;DETECTO;NT;NT;CLASE I;ACTA Nº 7 2009 - REQUIERE INVIMA A PARTIR DEL 14-05-2014 SEGÚN ACTA N° 4 2014 - NA INVIMA SEGÚN CIRCULAR 500-3476-14 06/06/2014;Medellín;B3;P5;;CIRUGÍA;UDEA;RECIBIDO A UDEA;15/02/2007;COMODATO;ING. IPS;TECNOLOGO 4
2010078;SIERRA CORTA YESO;STM;8894;NT;CLASE I;ACTA Nº 7 2009 - REQUIERE INVIMA A PARTIR DEL 14-05-2014 SEGÚN ACTA N° 4 2014;Medellín;B3;P5;;CIRUGÍA;UDEA;RECIBIDO A UDEA;15/02/2007;COMODATO;ING. IPS;TECNOLOGO 4
2000573;SIERRA CORTA YESO;STM;8894;NT;CLASE I;ACTA Nº 7 2009 - REQUIERE INVIMA A PARTIR DEL 14-05-2014 SEGÚN ACTA N° 4 2014;Medellín;B3;P5;;CIRUGÍA;UDEA;RECIBIDO A UDEA;15/02/2007;COMODATO;ING. IPS;TECNOLOGO 4
2001624;ELECTROCAUTERIZADOR;SUPER FRECATOR;NT;SFA0348;CLASE IIA;INGRESO ANTES DE ACTA N° 07 JUNIO 2009;Alterna;BA;P1;;CIRUGÍA;UDEA;RECIBIDO A UDEA;15/02/2007;COMODATO;ING. IPS;TECNOLOGO 6
1013328;UNIDAD ODONTOLOGICA;NT;NT;NT;CLASE I;ACTA Nº 7 2009 - REQUIERE INVIMA A PARTIR DEL 14-05-2014 SEGÚN ACTA N° 4 2014;Alterna;BA;P1;;CIRUGÍA;IPS;AUDENCOL;15/02/2007;ADQUISICION;ING. IPS;IBM
2000064;BALANZA DIGITAL;HEALTH O METER;2201;9605N0261;CLASE I;ACTA Nº 7 2009 - REQUIERE INVIMA A PARTIR DEL 14-05-2014 SEGÚN ACTA N° 4 2014 - NA INVIMA SEGÚN CIRCULAR 500-3476-14 06/06/2014;Medellín;B3;P5;;CIRUGÍA;UDEA;RECIBIDO A UDEA;15/02/2007;COMODATO;ING. IPS;TECNOLOGO 4
NT;REGULADOR DE OXIGENO;HP OXIGEN;113152;NT;CLASE I;INGRESO ANTES DE ACTA N° 07 JUNIO 2009;Alterna;BA;P1;;CIRUGÍA;IPS;NT;15/02/2007;ADQUISICION;ING. IPS;TECNICO 1
1001654;ASPIRADOR PORTATIL;THOMAS;1130;40100012554;CLASE IIA;2007DM-0001138;Alterna;BA;P1;;CIRUGÍA;IPS;NT;8/06/2005;ADQUISICION;ING. IPS;TECNOLOGO 6
1001660;MESA DE CIRUGÍA;AMSCO;2080;422681051;CLASE I;INGRESO ANTES DE ACTA N° 07 JUNIO 2009;Alterna;BA;P1;;CIRUGÍA;IPS;MEDICLINICOS;2/05/2004;ADQUISICION;ING. IPS;TECNOLOGO 6
"1423
FOO3";FOTOFORO;WELCH ALLYN;NT;NT;CLASE I;INGRESO ANTES DE ACTA N° 07 JUNIO 2009;Alterna;BA;P1;;CIRUGÍA;IPS;AT MEDICAS;21/01/2004;ADQUISICION;ING. IPS;TECNOLOGO 6
1018785;ASPIRADOR PORTATIL;THOMAS;1130;1930786;CLASE IIA;2007DM-0001138;Alterna;BA;P1;;CIRUGÍA;IPS;HOSPIMEDICOS;8/10/2003;ADQUISICION;ING. IPS;TECNOLOGO 6
1000680;ASPIRADOR PORTATIL;THOMAS;1130;70200001022;CLASE IIA;2007DM-0001138;Alterna;BA;P1;;CIRUGÍA;IPS;TECNOMEDICOS;27/08/2003;ADQUISICION;ING. IPS;TECNOLOGO 6
1001652;LAMPARA CIELITICA;BERCHTOLD;"CHROMOPHARE D650 PLUS
";"6000040-K12751-5900040-K13894
";CLASE I;ACTA Nº 7 2009 - REQUIERE INVIMA A PARTIR DEL 14-05-2014 SEGÚN ACTA N° 4 2014;Alterna;BA;P1;;CIRUGÍA;IPS;GILMEDICA;22/07/2003;ADQUISICION;ING. IPS;TECNOLOGO 6
1000682;LAMPARA CIELITICA;BERCHTOLD;"CHROMOPHARE D650 PLUS
";6010040K12750- 5910040K13890;CLASE I;ACTA Nº 7 2009 - REQUIERE INVIMA A PARTIR DEL 14-05-2014 SEGÚN ACTA N° 4 2014;Alterna;BA;P1;;CIRUGÍA;IPS;GILMEDICA;22/07/2003;ADQUISICION;ING. IPS;TECNOLOGO 6
"101784
101785
101783
101782";TORRE DE VIDEOLAPAROSCOPIA;OLYMPUS;"CLV-530
UHI-2";"EKP026055
7911435
7011003
EK6519";CLASE IIB;2008DM-0001930;Alterna;BA;P1;;CIRUGÍA;UDEA;HOSPIMEDICS S.A.;1/07/2003;COMODATO;ING. IPS;TECNOLOGO 6
1004531;ELECTROCAUTERIZADOR;SUPER FRECATOR;NT;SFA5304;CLASE IIA;INGRESO ANTES DE ACTA N° 07 JUNIO 2009;Alterna;BA;P1;;CIRUGÍA;IPS;NT;26/05/2003;ADQUISICION;ING. IPS;TECNOLOGO 6
1000739;MICROSCOPIO QUIRURGICO;CARL ZEISS;OPMI-MDU;267056;CLASE IIA;ACTA Nº 7 2009 - REQUIERE INVIMA A PARTIR DEL 14-05-2014 SEGÚN ACTA N° 4 2014;Alterna;BA;P1;;CIRUGÍA;IPS;KAIKA;25/04/2003;ADQUISICION;ING. IPS;JUAN JAIMES
"1490
1000698";MAQUINA DE LIPOSUCCION;QUIRURCOL;M-3000NF-268;NT;CLASE IIB;INGRESO ANTES DE ACTA N° 07 JUNIO 2009;Alterna;BA;P1;;CIRUGÍA;IPS;QUIRURCOL;16/03/2003;ADQUISICION;ING. IPS;TECNOLOGO 6
NT;LAMPARA CIELITICA;NUVO;NL1350A2M;N07120067;CLASE I;ACTA Nº 7 2009 - REQUIERE INVIMA A PARTIR DEL 14-05-2014 SEGÚN ACTA N° 4 2014;Medellín;B3;P5;;CIRUGÍA;IPS;IMPORTMEDICAL;-654;ADQUISICION;ING. IPS;TECNOLOGO 4
